Date,Open,High,Low,Close,Volume,Symbol
2023-02-09 05:00:00+00:00,30.309999465942383,30.84000015258789,28.510000228881836,30.459999084472656,16331500,NXT
2023-02-10 05:00:00+00:00,29.43000030517578,31.200000762939453,29.219999313354492,31.010000228881836,3155000,NXT
2023-02-13 05:00:00+00:00,30.65999984741211,32.025001525878906,30.652000427246094,31.420000076293945,1842500,NXT
2023-02-14 05:00:00+00:00,31.649999618530273,31.829999923706055,30.209999084472656,30.799999237060547,1557800,NXT
2023-02-15 05:00:00+00:00,30.399999618530273,32.689998626708984,30.329999923706055,32.68000030517578,5502400,NXT
2023-02-16 05:00:00+00:00,31.729999542236328,32.95000076293945,30.75,31.510000228881836,618800,NXT
2023-02-17 05:00:00+00:00,30.75,32.38999938964844,30.75,31.639999389648438,811400,NXT
2023-02-21 05:00:00+00:00,31.1200008392334,31.59000015258789,29.18600082397461,30.950000762939453,1074800,NXT
2023-02-22 05:00:00+00:00,30.950000762939453,31.8799991607666,29.8799991607666,31.260000228881836,750700,NXT
2023-02-23 05:00:00+00:00,31.270000457763672,32.119998931884766,31.270000457763672,31.989999771118164,723600,NXT
2023-02-24 05:00:00+00:00,31.5,31.5,30.100000381469727,30.209999084472656,509500,NXT
2023-02-27 05:00:00+00:00,30.479999542236328,30.6299991607666,29.760000228881836,29.90999984741211,857800,NXT
2023-02-28 05:00:00+00:00,29.969999313354492,31.18000030517578,29.65999984741211,30.440000534057617,728800,NXT
2023-03-01 05:00:00+00:00,30.56999969482422,32.125,30.440000534057617,31.079999923706055,917700,NXT
2023-03-02 05:00:00+00:00,30.649999618530273,32.220001220703125,30.649999618530273,31.889999389648438,934100,NXT
2023-03-03 05:00:00+00:00,32.45000076293945,34.84000015258789,31.399999618530273,33.349998474121094,2191000,NXT
2023-03-06 05:00:00+00:00,34.560001373291016,34.75,31.799999237060547,32.45000076293945,2252700,NXT
2023-03-07 05:00:00+00:00,32.40999984741211,34.845001220703125,31.899999618530273,33.95000076293945,1435600,NXT
2023-03-08 05:00:00+00:00,33.95000076293945,34.779998779296875,32.33000183105469,32.720001220703125,1225300,NXT
2023-03-09 05:00:00+00:00,32.5,34.849998474121094,32.09000015258789,32.65999984741211,955900,NXT
2023-03-10 05:00:00+00:00,32.65999984741211,32.87799835205078,29.459999084472656,31.190000534057617,1863400,NXT
2023-03-13 04:00:00+00:00,30.6299991607666,32.18000030517578,29.760000228881836,31.5,908700,NXT
2023-03-14 04:00:00+00:00,32.0,33.47999954223633,30.579999923706055,31.850000381469727,1522600,NXT
2023-03-15 04:00:00+00:00,31.06999969482422,32.5,30.059999465942383,30.75,1558500,NXT
2023-03-16 04:00:00+00:00,30.25,31.18000030517578,29.200000762939453,29.610000610351562,1417500,NXT
2023-03-17 04:00:00+00:00,29.739999771118164,29.924999237060547,28.239999771118164,29.06999969482422,6580200,NXT
2023-03-20 04:00:00+00:00,29.1200008392334,29.520000457763672,28.489999771118164,28.549999237060547,1332500,NXT
2023-03-21 04:00:00+00:00,29.030000686645508,31.5,29.030000686645508,31.18000030517578,1690500,NXT
2023-03-22 04:00:00+00:00,31.139999389648438,33.40999984741211,30.969999313354492,31.84000015258789,2031200,NXT
2023-03-23 04:00:00+00:00,32.13999938964844,35.099998474121094,31.5,32.209999084472656,1789600,NXT
2023-03-24 04:00:00+00:00,32.209999084472656,32.43000030517578,30.65999984741211,31.200000762939453,898200,NXT
2023-03-27 04:00:00+00:00,31.389999389648438,31.969999313354492,30.309999465942383,31.239999771118164,920300,NXT
2023-03-28 04:00:00+00:00,31.260000228881836,32.900001525878906,31.174999237060547,32.52000045776367,941700,NXT
2023-03-29 04:00:00+00:00,33.849998474121094,34.47999954223633,32.72999954223633,33.540000915527344,1356900,NXT
2023-03-30 04:00:00+00:00,33.86000061035156,36.47999954223633,33.849998474121094,34.75,2442600,NXT
2023-03-31 04:00:00+00:00,34.83000183105469,37.83000183105469,34.83000183105469,36.2599983215332,1739800,NXT
2023-04-03 04:00:00+00:00,36.150001525878906,36.36000061035156,33.22999954223633,33.54999923706055,1692100,NXT
2023-04-04 04:00:00+00:00,33.47999954223633,34.224998474121094,32.349998474121094,33.22999954223633,2288900,NXT
2023-04-05 04:00:00+00:00,32.84000015258789,33.459999084472656,31.260000228881836,32.25,1269600,NXT
2023-04-06 04:00:00+00:00,32.119998931884766,32.869998931884766,31.600000381469727,32.720001220703125,423900,NXT
2023-04-10 04:00:00+00:00,32.65999984741211,34.029998779296875,32.189998626708984,34.0,709900,NXT
2023-04-11 04:00:00+00:00,34.25,35.029998779296875,33.92499923706055,34.86000061035156,831600,NXT
2023-04-12 04:00:00+00:00,35.0,35.20000076293945,33.33000183105469,34.689998626708984,956500,NXT
2023-04-13 04:00:00+00:00,34.849998474121094,36.040000915527344,34.0,35.310001373291016,666600,NXT
2023-04-14 04:00:00+00:00,35.08000183105469,35.34000015258789,33.775001525878906,34.84000015258789,714500,NXT
2023-04-17 04:00:00+00:00,34.689998626708984,35.959999084472656,34.02000045776367,34.18000030517578,747100,NXT
2023-04-18 04:00:00+00:00,34.18000030517578,34.724998474121094,32.72999954223633,33.689998626708984,893100,NXT
2023-04-19 04:00:00+00:00,33.36000061035156,35.01900100708008,32.77000045776367,34.18000030517578,444000,NXT
2023-04-20 04:00:00+00:00,33.88999938964844,34.470001220703125,33.41999816894531,34.279998779296875,503000,NXT
2023-04-21 04:00:00+00:00,33.88999938964844,34.775001525878906,33.1510009765625,34.59000015258789,667700,NXT
2023-04-24 04:00:00+00:00,34.45000076293945,34.59000015258789,33.54499816894531,34.4900016784668,660500,NXT
2023-04-25 04:00:00+00:00,34.18000030517578,34.36000061035156,32.47200012207031,32.689998626708984,507700,NXT
2023-04-26 04:00:00+00:00,32.41999816894531,32.70000076293945,30.559999465942383,31.8700008392334,907800,NXT
2023-04-27 04:00:00+00:00,31.8700008392334,32.93000030517578,31.618000030517578,32.150001525878906,497400,NXT
2023-04-28 04:00:00+00:00,31.920000076293945,32.369998931884766,30.405000686645508,31.489999771118164,1124900,NXT
2023-05-01 04:00:00+00:00,31.170000076293945,31.90999984741211,30.6299991607666,30.8700008392334,544800,NXT
2023-05-02 04:00:00+00:00,30.860000610351562,31.200000762939453,29.280000686645508,29.68000030517578,1233800,NXT
2023-05-03 04:00:00+00:00,29.790000915527344,31.295000076293945,29.437000274658203,30.110000610351562,930700,NXT
2023-05-04 04:00:00+00:00,29.899999618530273,30.18000030517578,29.55500030517578,30.049999237060547,916100,NXT
2023-05-05 04:00:00+00:00,30.3700008392334,31.190000534057617,29.920000076293945,30.899999618530273,743700,NXT
2023-05-08 04:00:00+00:00,30.950000762939453,32.4900016784668,30.690000534057617,32.22999954223633,1358500,NXT
2023-05-09 04:00:00+00:00,32.45000076293945,34.04999923706055,32.45000076293945,33.65999984741211,1248400,NXT
2023-05-10 04:00:00+00:00,33.65999984741211,34.5,32.79999923706055,33.22999954223633,1688000,NXT
2023-05-11 04:00:00+00:00,35.5,37.220001220703125,34.90999984741211,35.43000030517578,3407600,NXT
2023-05-12 04:00:00+00:00,35.900001525878906,40.375,35.79999923706055,39.38999938964844,3330000,NXT
2023-05-15 04:00:00+00:00,39.25,40.5,38.404998779296875,40.31999969482422,1519600,NXT
2023-05-16 04:00:00+00:00,40.75,40.79999923706055,37.18000030517578,37.5099983215332,1042500,NXT
2023-05-17 04:00:00+00:00,37.790000915527344,40.18000030517578,37.68000030517578,38.92499923706055,1045900,NXT
2023-05-18 04:00:00+00:00,38.70000076293945,39.52000045776367,38.20000076293945,39.33000183105469,825400,NXT
2023-05-19 04:00:00+00:00,39.900001525878906,40.150001525878906,37.970001220703125,39.15999984741211,789600,NXT
2023-05-22 04:00:00+00:00,39.40999984741211,40.33000183105469,38.75,39.97999954223633,532400,NXT
2023-05-23 04:00:00+00:00,39.790000915527344,40.439998626708984,38.36000061035156,39.18000030517578,905700,NXT
2023-05-24 04:00:00+00:00,39.119998931884766,39.599998474121094,38.10499954223633,38.459999084472656,688700,NXT
2023-05-25 04:00:00+00:00,38.689998626708984,39.13999938964844,37.5099983215332,38.83000183105469,444300,NXT
2023-05-26 04:00:00+00:00,39.720001220703125,39.79999923706055,38.5099983215332,39.13999938964844,517900,NXT
2023-05-30 04:00:00+00:00,39.0099983215332,41.51100158691406,38.34000015258789,38.900001525878906,788800,NXT
2023-05-31 04:00:00+00:00,38.33000183105469,39.060001373291016,37.619998931884766,38.25,1052800,NXT
2023-06-01 04:00:00+00:00,38.31999969482422,40.20000076293945,37.66299819946289,40.06999969482422,503700,NXT
2023-06-02 04:00:00+00:00,40.439998626708984,41.189998626708984,39.66999816894531,40.77000045776367,756400,NXT
2023-06-05 04:00:00+00:00,40.75,41.72999954223633,39.06999969482422,39.599998474121094,1501900,NXT
2023-06-06 04:00:00+00:00,39.540000915527344,40.47999954223633,39.0099983215332,40.08000183105469,954400,NXT
2023-06-07 04:00:00+00:00,39.97999954223633,41.689998626708984,39.959999084472656,40.54999923706055,877200,NXT
2023-06-08 04:00:00+00:00,40.65999984741211,41.67100143432617,40.060001373291016,41.040000915527344,850300,NXT
2023-06-09 04:00:00+00:00,41.13999938964844,41.7599983215332,40.040000915527344,40.290000915527344,762700,NXT
2023-06-12 04:00:00+00:00,40.689998626708984,42.599998474121094,40.599998474121094,41.310001373291016,1288300,NXT
2023-06-13 04:00:00+00:00,41.599998474121094,42.61000061035156,41.395999908447266,42.15999984741211,753000,NXT
2023-06-14 04:00:00+00:00,43.18000030517578,43.970001220703125,40.29999923706055,41.150001525878906,1342600,NXT
2023-06-15 04:00:00+00:00,41.040000915527344,42.869998931884766,40.619998931884766,42.58000183105469,811100,NXT
2023-06-16 04:00:00+00:00,43.08000183105469,43.33000183105469,41.08000183105469,41.43000030517578,1525500,NXT
2023-06-20 04:00:00+00:00,41.06999969482422,41.380001068115234,39.18000030517578,39.630001068115234,1131400,NXT
2023-06-21 04:00:00+00:00,39.279998779296875,40.93299865722656,38.529998779296875,40.470001220703125,1110800,NXT
2023-06-22 04:00:00+00:00,40.310001373291016,40.810001373291016,39.130001068115234,39.65999984741211,1466900,NXT
2023-06-23 04:00:00+00:00,39.31999969482422,39.334999084472656,37.220001220703125,38.630001068115234,1858200,NXT
2023-06-26 04:00:00+00:00,38.709999084472656,40.02000045776367,37.40999984741211,38.04999923706055,1313600,NXT
2023-06-27 04:00:00+00:00,35.880001068115234,37.720001220703125,34.29999923706055,37.599998474121094,2785800,NXT
2023-06-28 04:00:00+00:00,37.16999816894531,39.09000015258789,36.18000030517578,37.130001068115234,2463900,NXT
2023-06-29 04:00:00+00:00,37.5,39.5,37.25,38.099998474121094,10942700,NXT
2023-06-30 04:00:00+00:00,38.459999084472656,40.18000030517578,38.459999084472656,39.810001373291016,4022200,NXT
2023-07-03 04:00:00+00:00,39.630001068115234,40.09000015258789,38.61000061035156,39.43000030517578,1353800,NXT
2023-07-05 04:00:00+00:00,39.22999954223633,40.06999969482422,37.970001220703125,38.09000015258789,3541700,NXT
2023-07-06 04:00:00+00:00,37.599998474121094,38.27000045776367,36.189998626708984,37.119998931884766,2101900,NXT
2023-07-07 04:00:00+00:00,37.04999923706055,38.65999984741211,37.040000915527344,38.06999969482422,1744900,NXT
2023-07-10 04:00:00+00:00,37.7400016784668,39.220001220703125,37.380001068115234,38.540000915527344,1028400,NXT
2023-07-11 04:00:00+00:00,38.65999984741211,38.65999984741211,37.79999923706055,37.81999969482422,749400,NXT
2023-07-12 04:00:00+00:00,38.7400016784668,39.439998626708984,37.970001220703125,38.13999938964844,1789400,NXT
2023-07-13 04:00:00+00:00,38.25,39.220001220703125,38.25,39.02000045776367,1095700,NXT
2023-07-14 04:00:00+00:00,39.470001220703125,40.08000183105469,37.54999923706055,37.790000915527344,1251500,NXT
2023-07-17 04:00:00+00:00,37.81999969482422,39.880001068115234,37.79999923706055,39.08000183105469,1714400,NXT
2023-07-18 04:00:00+00:00,39.029998779296875,39.869998931884766,39.029998779296875,39.439998626708984,706200,NXT
2023-07-19 04:00:00+00:00,39.75,41.20000076293945,39.33000183105469,39.56999969482422,1361800,NXT
2023-07-20 04:00:00+00:00,39.209999084472656,40.31999969482422,38.380001068115234,39.58000183105469,706700,NXT
2023-07-21 04:00:00+00:00,39.77000045776367,40.709999084472656,39.02799987792969,39.119998931884766,1159200,NXT
2023-07-24 04:00:00+00:00,39.25,39.59000015258789,38.72999954223633,39.40999984741211,1397300,NXT
2023-07-25 04:00:00+00:00,39.84000015258789,39.97999954223633,38.400001525878906,38.54999923706055,1657300,NXT
2023-07-26 04:00:00+00:00,37.9900016784668,39.400001525878906,37.61000061035156,39.310001373291016,1984000,NXT
2023-07-27 04:00:00+00:00,44.61000061035156,46.41999816894531,42.150001525878906,44.189998626708984,5346400,NXT
2023-07-28 04:00:00+00:00,44.93000030517578,46.54999923706055,42.209999084472656,42.72999954223633,2255200,NXT
2023-07-31 04:00:00+00:00,42.9900016784668,43.85499954223633,41.849998474121094,42.349998474121094,1337700,NXT
2023-08-01 04:00:00+00:00,42.41999816894531,43.77899932861328,42.02000045776367,43.34000015258789,1568900,NXT
2023-08-02 04:00:00+00:00,42.18000030517578,42.79999923706055,40.119998931884766,41.72999954223633,1755900,NXT
2023-08-03 04:00:00+00:00,41.619998931884766,42.90999984741211,40.529998779296875,41.13999938964844,736800,NXT
2023-08-04 04:00:00+00:00,41.65999984741211,42.40999984741211,40.58000183105469,40.880001068115234,1142700,NXT
2023-08-07 04:00:00+00:00,41.310001373291016,41.58000183105469,39.900001525878906,40.7400016784668,1087600,NXT
2023-08-08 04:00:00+00:00,40.619998931884766,41.56999969482422,39.2599983215332,41.22999954223633,1464600,NXT
2023-08-09 04:00:00+00:00,41.77000045776367,43.040000915527344,40.689998626708984,40.91999816894531,1860700,NXT
2023-08-10 04:00:00+00:00,40.84000015258789,41.80500030517578,40.33000183105469,40.72999954223633,1429300,NXT
2023-08-11 04:00:00+00:00,40.97999954223633,41.7400016784668,39.79999923706055,41.439998626708984,1668500,NXT
2023-08-14 04:00:00+00:00,41.06999969482422,42.34299850463867,40.43000030517578,42.150001525878906,1274300,NXT
2023-08-15 04:00:00+00:00,42.189998626708984,42.29999923706055,40.70000076293945,40.900001525878906,1526100,NXT
2023-08-16 04:00:00+00:00,40.83000183105469,41.099998474121094,38.79999923706055,38.84000015258789,1145600,NXT
2023-08-17 04:00:00+00:00,38.72999954223633,38.97999954223633,36.54999923706055,36.599998474121094,1048600,NXT
2023-08-18 04:00:00+00:00,36.040000915527344,37.970001220703125,35.70000076293945,37.400001525878906,1195400,NXT
2023-08-21 04:00:00+00:00,37.34000015258789,37.95000076293945,36.529998779296875,36.630001068115234,972400,NXT
2023-08-22 04:00:00+00:00,37.18000030517578,37.650001525878906,35.970001220703125,36.47999954223633,1260100,NXT
2023-08-23 04:00:00+00:00,37.02000045776367,39.1349983215332,36.87699890136719,38.36000061035156,971900,NXT
2023-08-24 04:00:00+00:00,38.349998474121094,39.08000183105469,38.060001373291016,38.34000015258789,1108900,NXT
2023-08-25 04:00:00+00:00,38.34000015258789,40.03300094604492,38.02000045776367,39.619998931884766,972700,NXT
2023-08-28 04:00:00+00:00,39.66999816894531,41.040000915527344,39.66999816894531,40.810001373291016,865700,NXT
2023-08-29 04:00:00+00:00,40.849998474121094,42.18000030517578,40.2400016784668,41.95000076293945,682200,NXT
2023-08-30 04:00:00+00:00,42.02000045776367,42.779998779296875,41.650001525878906,41.81999969482422,1951100,NXT
2023-08-31 04:00:00+00:00,41.77000045776367,42.52000045776367,41.54999923706055,42.119998931884766,980300,NXT
2023-09-01 04:00:00+00:00,42.54999923706055,44.0,42.529998779296875,43.130001068115234,924800,NXT
2023-09-05 04:00:00+00:00,42.619998931884766,44.75,42.619998931884766,44.11000061035156,823400,NXT
2023-09-06 04:00:00+00:00,43.900001525878906,44.60200119018555,43.220001220703125,43.70000076293945,877500,NXT
2023-09-07 04:00:00+00:00,43.209999084472656,43.209999084472656,41.65999984741211,42.310001373291016,1052100,NXT
2023-09-08 04:00:00+00:00,42.689998626708984,42.880001068115234,41.439998626708984,42.61000061035156,762500,NXT
2023-09-11 04:00:00+00:00,43.459999084472656,43.459999084472656,42.25,42.7400016784668,955600,NXT
2023-09-12 04:00:00+00:00,42.40999984741211,43.939998626708984,42.04999923706055,43.66999816894531,1240200,NXT
2023-09-13 04:00:00+00:00,43.66999816894531,44.65999984741211,40.400001525878906,41.2400016784668,1273000,NXT
2023-09-14 04:00:00+00:00,41.77000045776367,43.209999084472656,41.77000045776367,43.150001525878906,1109100,NXT
2023-09-15 04:00:00+00:00,43.09000015258789,43.59000015258789,42.119998931884766,42.880001068115234,2470400,NXT
2023-09-18 04:00:00+00:00,42.189998626708984,42.459999084472656,40.79999923706055,41.52000045776367,1311100,NXT
2023-09-19 04:00:00+00:00,41.56999969482422,42.73500061035156,41.400001525878906,41.599998474121094,885300,NXT
2023-09-20 04:00:00+00:00,42.0,43.29999923706055,41.8650016784668,42.22999954223633,648800,NXT
2023-09-21 04:00:00+00:00,41.310001373291016,41.59000015258789,40.4900016784668,41.099998474121094,618800,NXT
2023-09-22 04:00:00+00:00,42.79999923706055,42.79999923706055,40.72999954223633,40.810001373291016,511200,NXT
2023-09-25 04:00:00+00:00,40.560001373291016,41.5099983215332,40.29999923706055,41.06999969482422,668600,NXT
2023-09-26 04:00:00+00:00,40.869998931884766,41.54999923706055,40.45500183105469,40.71500015258789,1040500,NXT
2023-09-27 04:00:00+00:00,40.95000076293945,41.54999923706055,40.2599983215332,40.29999923706055,859900,NXT
2023-09-28 04:00:00+00:00,40.61000061035156,40.7599983215332,38.900001525878906,39.5,1891400,NXT
2023-09-29 04:00:00+00:00,40.15999984741211,41.630001068115234,39.439998626708984,40.15999984741211,1581200,NXT
2023-10-02 04:00:00+00:00,41.41999816894531,41.73500061035156,38.65999984741211,39.029998779296875,1287100,NXT
2023-10-03 04:00:00+00:00,37.7400016784668,38.6150016784668,35.5,36.16999816894531,2370800,NXT
2023-10-04 04:00:00+00:00,36.189998626708984,37.27000045776367,34.77000045776367,35.66999816894531,2589300,NXT
2023-10-05 04:00:00+00:00,35.189998626708984,35.21500015258789,32.13999938964844,33.04999923706055,2884600,NXT
2023-10-06 04:00:00+00:00,32.5099983215332,35.02000045776367,32.18000030517578,33.97999954223633,2429500,NXT
2023-10-09 04:00:00+00:00,33.7599983215332,34.61000061035156,33.369998931884766,34.119998931884766,1371000,NXT
2023-10-10 04:00:00+00:00,34.20000076293945,38.279998779296875,33.79999923706055,37.11000061035156,2419900,NXT
2023-10-11 04:00:00+00:00,37.560001373291016,37.98500061035156,36.91999816894531,37.04999923706055,1790000,NXT
2023-10-12 04:00:00+00:00,37.099998474121094,37.994998931884766,35.29999923706055,36.0099983215332,2063600,NXT
2023-10-13 04:00:00+00:00,36.15999984741211,36.7400016784668,34.70000076293945,35.11000061035156,1516200,NXT
2023-10-16 04:00:00+00:00,35.81999969482422,35.91999816894531,32.93000030517578,33.9900016784668,2668000,NXT
2023-10-17 04:00:00+00:00,33.63999938964844,35.255001068115234,33.54999923706055,35.04999923706055,1598700,NXT
2023-10-18 04:00:00+00:00,34.45000076293945,34.88999938964844,33.810001373291016,34.41999816894531,1081200,NXT
2023-10-19 04:00:00+00:00,34.61000061035156,35.505001068115234,34.18000030517578,34.47999954223633,1715000,NXT
2023-10-20 04:00:00+00:00,33.61000061035156,34.720001220703125,32.189998626708984,34.08000183105469,5741500,NXT
2023-10-23 04:00:00+00:00,33.72999954223633,36.4900016784668,33.650001525878906,36.11000061035156,2012600,NXT
2023-10-24 04:00:00+00:00,36.86000061035156,38.029998779296875,36.31999969482422,37.41999816894531,2017800,NXT
2023-10-25 04:00:00+00:00,36.75,37.54999923706055,36.0,37.060001373291016,3692100,NXT
2023-10-26 04:00:00+00:00,40.540000915527344,40.814998626708984,36.02000045776367,36.400001525878906,5407500,NXT
2023-10-27 04:00:00+00:00,36.599998474121094,36.98500061035156,33.880001068115234,34.630001068115234,3712400,NXT
2023-10-30 04:00:00+00:00,34.81999969482422,35.369998931884766,32.61000061035156,33.959999084472656,3025400,NXT
2023-10-31 04:00:00+00:00,34.06999969482422,34.79999923706055,33.45500183105469,34.7599983215332,1994100,NXT
2023-11-01 04:00:00+00:00,34.43000030517578,34.775001525878906,33.029998779296875,33.70000076293945,2689000,NXT
2023-11-02 04:00:00+00:00,34.47999954223633,36.56999969482422,33.7599983215332,36.4900016784668,2279400,NXT
2023-11-03 04:00:00+00:00,37.15999984741211,38.540000915527344,36.7140007019043,37.189998626708984,1865400,NXT
2023-11-06 05:00:00+00:00,37.25,37.88999938964844,36.400001525878906,37.150001525878906,1432200,NXT
2023-11-07 05:00:00+00:00,37.27000045776367,38.61000061035156,36.68600082397461,37.959999084472656,2183800,NXT
2023-11-08 05:00:00+00:00,37.29999923706055,37.310001373291016,34.029998779296875,35.47999954223633,2578300,NXT
2023-11-09 05:00:00+00:00,35.68000030517578,35.900001525878906,33.63999938964844,33.97999954223633,1574100,NXT
2023-11-10 05:00:00+00:00,33.77000045776367,35.31999969482422,33.17100143432617,34.4900016784668,1466900,NXT
2023-11-13 05:00:00+00:00,34.4900016784668,35.459999084472656,33.85499954223633,34.369998931884766,1365100,NXT
2023-11-14 05:00:00+00:00,35.88999938964844,38.54999923706055,35.43000030517578,38.470001220703125,1552400,NXT
2023-11-15 05:00:00+00:00,38.400001525878906,40.65999984741211,38.310001373291016,38.4900016784668,1642000,NXT
2023-11-16 05:00:00+00:00,38.220001220703125,39.06999969482422,37.84000015258789,38.209999084472656,1521900,NXT
2023-11-17 05:00:00+00:00,38.439998626708984,38.81999969482422,37.220001220703125,38.709999084472656,865900,NXT
2023-11-20 05:00:00+00:00,39.27000045776367,40.25,38.84000015258789,39.689998626708984,976500,NXT
2023-11-21 05:00:00+00:00,39.70000076293945,40.33000183105469,38.959999084472656,39.22999954223633,1198200,NXT
2023-11-22 05:00:00+00:00,39.16999816894531,39.970001220703125,38.939998626708984,39.54999923706055,593100,NXT
2023-11-24 05:00:00+00:00,39.02000045776367,39.560001373291016,38.63999938964844,38.70000076293945,301900,NXT
2023-11-27 05:00:00+00:00,38.27000045776367,38.93000030517578,37.88999938964844,38.529998779296875,688900,NXT
2023-11-28 05:00:00+00:00,38.369998931884766,39.84000015258789,37.73500061035156,39.79999923706055,1126400,NXT
2023-11-29 05:00:00+00:00,40.93000030517578,41.29999923706055,39.599998474121094,39.7400016784668,1450200,NXT
2023-11-30 05:00:00+00:00,39.58000183105469,40.79999923706055,39.27000045776367,40.63999938964844,1853800,NXT
2023-12-01 05:00:00+00:00,40.63999938964844,42.790000915527344,40.07500076293945,42.61000061035156,1476200,NXT
2023-12-04 05:00:00+00:00,42.11000061035156,43.15999984741211,42.09000015258789,42.79999923706055,1696900,NXT
2023-12-05 05:00:00+00:00,42.63999938964844,42.959999084472656,41.939998626708984,42.029998779296875,1418700,NXT
2023-12-06 05:00:00+00:00,42.349998474121094,42.69499969482422,39.540000915527344,39.56999969482422,1437900,NXT
2023-12-07 05:00:00+00:00,39.58000183105469,40.415000915527344,38.91999816894531,39.380001068115234,1049800,NXT
2023-12-08 05:00:00+00:00,39.349998474121094,39.93000030517578,38.25,39.91999816894531,1610300,NXT
2023-12-11 05:00:00+00:00,41.83000183105469,41.83000183105469,40.220001220703125,40.97999954223633,1962000,NXT
2023-12-12 05:00:00+00:00,41.040000915527344,41.959999084472656,39.720001220703125,41.880001068115234,1630200,NXT
2023-12-13 05:00:00+00:00,41.459999084472656,43.36000061035156,40.849998474121094,43.18000030517578,3046600,NXT
2023-12-14 05:00:00+00:00,44.45000076293945,47.59000015258789,43.689998626708984,46.70000076293945,4234000,NXT
2023-12-15 05:00:00+00:00,47.220001220703125,48.27000045776367,46.36000061035156,47.869998931884766,2344100,NXT
2023-12-18 05:00:00+00:00,47.810001373291016,48.75,47.099998474121094,47.459999084472656,1334000,NXT
2023-12-19 05:00:00+00:00,47.5,47.630001068115234,44.33399963378906,45.310001373291016,4614900,NXT
2023-12-20 05:00:00+00:00,45.15999984741211,46.279998779296875,44.25,45.16999816894531,2991600,NXT
2023-12-21 05:00:00+00:00,46.130001068115234,49.5099983215332,45.529998779296875,49.380001068115234,4195000,NXT
2023-12-22 05:00:00+00:00,49.81999969482422,49.81999969482422,48.52899932861328,49.25,1425800,NXT
2023-12-26 05:00:00+00:00,49.150001525878906,49.68000030517578,48.2869987487793,48.779998779296875,1223600,NXT
2023-12-27 05:00:00+00:00,49.209999084472656,49.36000061035156,48.20000076293945,48.70000076293945,1021600,NXT
2023-12-28 05:00:00+00:00,48.619998931884766,49.20000076293945,47.189998626708984,47.45000076293945,1640600,NXT
2023-12-29 05:00:00+00:00,47.45000076293945,47.5099983215332,46.20000076293945,46.849998474121094,2383300,NXT
2024-01-02 05:00:00+00:00,46.43000030517578,49.729000091552734,45.790000915527344,47.41999816894531,4274700,NXT
2024-01-03 05:00:00+00:00,46.209999084472656,48.0099983215332,45.380001068115234,46.40999984741211,11285100,NXT
2024-01-04 05:00:00+00:00,46.38999938964844,46.38999938964844,41.93000030517578,42.119998931884766,9287000,NXT
2024-01-05 05:00:00+00:00,41.849998474121094,43.400001525878906,40.900001525878906,41.9900016784668,23135200,NXT
2024-01-08 05:00:00+00:00,42.099998474121094,43.27000045776367,41.0,41.380001068115234,9547500,NXT
2024-01-09 05:00:00+00:00,40.9900016784668,43.72999954223633,40.11000061035156,42.040000915527344,7504200,NXT
2024-01-10 05:00:00+00:00,41.720001220703125,42.43000030517578,41.119998931884766,42.119998931884766,4805900,NXT
2024-01-11 05:00:00+00:00,41.5099983215332,42.314998626708984,40.56999969482422,41.220001220703125,4567800,NXT
2024-01-12 05:00:00+00:00,41.59000015258789,42.529998779296875,41.46500015258789,42.119998931884766,2920900,NXT
2024-01-16 05:00:00+00:00,42.939998626708984,43.68000030517578,40.869998931884766,41.189998626708984,4143500,NXT
2024-01-17 05:00:00+00:00,40.04999923706055,42.2599983215332,39.75,41.88999938964844,4040800,NXT
2024-01-18 05:00:00+00:00,42.0099983215332,43.779998779296875,41.60499954223633,42.93000030517578,3592000,NXT
2024-01-19 05:00:00+00:00,43.189998626708984,44.369998931884766,42.68000030517578,43.529998779296875,6422200,NXT
2024-01-22 05:00:00+00:00,43.529998779296875,46.04999923706055,43.529998779296875,45.40999984741211,4047900,NXT
2024-01-23 05:00:00+00:00,46.599998474121094,47.625,45.731998443603516,45.84000015258789,4219900,NXT
2024-01-24 05:00:00+00:00,47.15999984741211,47.31999969482422,44.03499984741211,44.27000045776367,3233400,NXT
2024-01-25 05:00:00+00:00,44.349998474121094,44.529998779296875,43.150001525878906,43.689998626708984,2507900,NXT
2024-01-26 05:00:00+00:00,44.0099983215332,44.65999984741211,43.369998931884766,43.540000915527344,1691300,NXT
2024-01-29 05:00:00+00:00,43.310001373291016,45.060001373291016,43.08000183105469,45.029998779296875,2597500,NXT
2024-01-30 05:00:00+00:00,44.25,45.459999084472656,43.79999923706055,45.2599983215332,2753200,NXT
2024-01-31 05:00:00+00:00,45.79999923706055,46.470001220703125,44.619998931884766,45.27000045776367,5258700,NXT
2024-02-01 05:00:00+00:00,51.93000030517578,56.65999984741211,51.63999938964844,56.5,20650000,NXT
2024-02-02 05:00:00+00:00,55.81999969482422,58.290000915527344,54.16999816894531,57.9900016784668,6072600,NXT
2024-02-05 05:00:00+00:00,56.599998474121094,57.15999984741211,55.25,56.15999984741211,7463100,NXT
2024-02-06 05:00:00+00:00,55.95000076293945,56.25199890136719,53.849998474121094,55.7599983215332,3885000,NXT
2024-02-07 05:00:00+00:00,57.0,57.18000030517578,54.709999084472656,55.41999816894531,3630200,NXT
2024-02-08 05:00:00+00:00,56.13999938964844,57.84000015258789,55.457000732421875,57.119998931884766,4066500,NXT
2024-02-09 05:00:00+00:00,57.5099983215332,59.06999969482422,57.220001220703125,58.06999969482422,2021600,NXT
2024-02-12 05:00:00+00:00,58.25,58.97999954223633,57.529998779296875,58.599998474121094,2825800,NXT
2024-02-13 05:00:00+00:00,57.59000015258789,58.720001220703125,56.22999954223633,57.63999938964844,3745800,NXT
2024-02-14 05:00:00+00:00,59.099998474121094,61.415000915527344,58.64400100708008,60.88999938964844,3452200,NXT
2024-02-15 05:00:00+00:00,61.279998779296875,61.45000076293945,59.279998779296875,60.54999923706055,3480300,NXT
2024-02-16 05:00:00+00:00,59.79999923706055,61.10499954223633,59.56999969482422,60.310001373291016,2080500,NXT
2024-02-20 05:00:00+00:00,59.400001525878906,60.380001068115234,58.630001068115234,58.880001068115234,2369100,NXT
2024-02-21 05:00:00+00:00,57.75,58.39400100708008,56.5099983215332,57.599998474121094,3244300,NXT
2024-02-22 05:00:00+00:00,58.349998474121094,58.7599983215332,56.88999938964844,57.47999954223633,2724300,NXT
2024-02-23 05:00:00+00:00,57.70000076293945,59.45000076293945,57.400001525878906,57.939998626708984,3498600,NXT
2024-02-26 05:00:00+00:00,58.0,61.77000045776367,57.79999923706055,59.619998931884766,2599000,NXT
2024-02-27 05:00:00+00:00,60.189998626708984,60.64699935913086,59.029998779296875,60.2599983215332,2005100,NXT
2024-02-28 05:00:00+00:00,59.58000183105469,60.060001373291016,58.3650016784668,58.709999084472656,2375300,NXT
2024-02-29 05:00:00+00:00,59.22999954223633,59.36000061035156,55.770999908447266,56.2400016784668,3702300,NXT
2024-03-01 05:00:00+00:00,56.5,58.28499984741211,55.5,57.400001525878906,3597300,NXT
2024-03-04 05:00:00+00:00,57.5099983215332,57.880001068115234,55.939998626708984,56.7599983215332,2305700,NXT
2024-03-05 05:00:00+00:00,56.7599983215332,57.900001525878906,56.5,56.90999984741211,2141900,NXT
2024-03-06 05:00:00+00:00,57.849998474121094,59.7400016784668,56.720001220703125,58.47999954223633,3379100,NXT
2024-03-07 05:00:00+00:00,58.849998474121094,59.849998474121094,58.279998779296875,59.279998779296875,2362000,NXT
2024-03-08 05:00:00+00:00,60.0,61.720001220703125,58.86000061035156,59.56999969482422,2795700,NXT
2024-03-11 04:00:00+00:00,60.20000076293945,62.13999938964844,59.630001068115234,60.20000076293945,2756000,NXT
2024-03-12 04:00:00+00:00,59.68000030517578,60.619998931884766,59.209999084472656,60.150001525878906,3034600,NXT
2024-03-13 04:00:00+00:00,59.52000045776367,61.59000015258789,59.29999923706055,60.540000915527344,3869100,NXT
2024-03-14 04:00:00+00:00,60.79999923706055,61.75,58.630001068115234,59.099998474121094,4054400,NXT
2024-03-15 04:00:00+00:00,58.56999969482422,60.70000076293945,58.38999938964844,59.4900016784668,7273600,NXT
2024-03-18 04:00:00+00:00,59.959999084472656,59.959999084472656,58.04999923706055,59.15999984741211,4267700,NXT
2024-03-19 04:00:00+00:00,58.5099983215332,58.86000061035156,56.49300003051758,57.52000045776367,4514700,NXT
2024-03-20 04:00:00+00:00,57.09000015258789,57.98500061035156,56.130001068115234,57.58000183105469,3620800,NXT
2024-03-21 04:00:00+00:00,58.220001220703125,59.52000045776367,58.099998474121094,58.27000045776367,3292900,NXT
2024-03-22 04:00:00+00:00,57.810001373291016,58.95000076293945,57.20000076293945,58.470001220703125,1578800,NXT
2024-03-25 04:00:00+00:00,58.83000183105469,60.77000045776367,58.029998779296875,59.0,2346800,NXT
2024-03-26 04:00:00+00:00,59.029998779296875,59.310001373291016,56.619998931884766,56.66999816894531,2311700,NXT
2024-03-27 04:00:00+00:00,57.31999969482422,58.47999954223633,56.54499816894531,58.02000045776367,3094000,NXT
2024-03-28 04:00:00+00:00,58.16999816894531,59.52000045776367,55.79999923706055,56.27000045776367,3355000,NXT
2024-04-01 04:00:00+00:00,57.2400016784668,57.39500045776367,56.0099983215332,56.20000076293945,2022500,NXT
2024-04-02 04:00:00+00:00,53.70000076293945,54.650001525878906,51.73500061035156,52.34000015258789,4302400,NXT
2024-04-03 04:00:00+00:00,51.90999984741211,52.47999954223633,50.75,52.06999969482422,2757400,NXT
2024-04-04 04:00:00+00:00,52.349998474121094,52.95000076293945,50.349998474121094,50.47999954223633,2654700,NXT
2024-04-05 04:00:00+00:00,50.0,52.119998931884766,49.54999923706055,50.04999923706055,3105100,NXT
2024-04-08 04:00:00+00:00,50.25,51.06999969482422,49.88999938964844,50.9900016784668,2703300,NXT
2024-04-09 04:00:00+00:00,50.86000061035156,51.45000076293945,50.02000045776367,51.189998626708984,1949700,NXT
2024-04-10 04:00:00+00:00,49.91999816894531,50.0099983215332,48.38999938964844,49.619998931884766,3238700,NXT
2024-04-11 04:00:00+00:00,49.529998779296875,49.970001220703125,48.709999084472656,49.81999969482422,3002800,NXT
2024-04-12 04:00:00+00:00,49.84000015258789,50.2599983215332,46.93000030517578,47.20000076293945,4248300,NXT
2024-04-15 04:00:00+00:00,47.130001068115234,47.900001525878906,44.61000061035156,44.83000183105469,4276800,NXT
2024-04-16 04:00:00+00:00,44.470001220703125,44.608001708984375,43.08000183105469,43.689998626708984,4551700,NXT
2024-04-17 04:00:00+00:00,43.959999084472656,45.150001525878906,43.525001525878906,44.7599983215332,3987600,NXT
2024-04-18 04:00:00+00:00,44.95000076293945,45.2599983215332,44.099998474121094,44.529998779296875,3415600,NXT
2024-04-19 04:00:00+00:00,44.2400016784668,44.83000183105469,43.470001220703125,44.0,5036000,NXT
2024-04-22 04:00:00+00:00,44.33000183105469,44.72999954223633,43.349998474121094,44.0,2224500,NXT
2024-04-23 04:00:00+00:00,44.0,46.08000183105469,43.505001068115234,44.41999816894531,2590100,NXT
2024-04-24 04:00:00+00:00,44.599998474121094,45.86000061035156,43.189998626708984,43.90999984741211,2791600,NXT
2024-04-25 04:00:00+00:00,43.060001373291016,43.68000030517578,42.02000045776367,42.97999954223633,2943200,NXT
2024-04-26 04:00:00+00:00,42.41999816894531,44.650001525878906,42.11000061035156,43.7599983215332,2319600,NXT
2024-04-29 04:00:00+00:00,44.15999984741211,45.209999084472656,43.84000015258789,44.11000061035156,2329200,NXT
2024-04-30 04:00:00+00:00,43.369998931884766,43.97999954223633,42.61000061035156,42.790000915527344,2120500,NXT
2024-05-01 04:00:00+00:00,42.91999816894531,44.38999938964844,42.5,42.869998931884766,3492400,NXT
2024-05-02 04:00:00+00:00,44.290000915527344,44.494998931884766,42.9900016784668,43.68000030517578,3303500,NXT
2024-05-03 04:00:00+00:00,45.209999084472656,46.900001525878906,45.209999084472656,46.099998474121094,2192400,NXT
2024-05-06 04:00:00+00:00,46.20000076293945,47.38999938964844,45.779998779296875,46.88999938964844,1852700,NXT
2024-05-07 04:00:00+00:00,47.08000183105469,47.72999954223633,45.97999954223633,46.02000045776367,2367500,NXT
2024-05-08 04:00:00+00:00,45.20000076293945,45.33000183105469,42.13999938964844,43.72999954223633,5722900,NXT
2024-05-09 04:00:00+00:00,43.66999816894531,44.099998474121094,42.689998626708984,43.20000076293945,3394900,NXT
2024-05-10 04:00:00+00:00,44.70000076293945,45.52000045776367,42.09000015258789,42.25,3358900,NXT
2024-05-13 04:00:00+00:00,42.7599983215332,44.83000183105469,42.7599983215332,43.06999969482422,3833900,NXT
2024-05-14 04:00:00+00:00,43.790000915527344,44.084999084472656,42.400001525878906,43.0099983215332,6043500,NXT
2024-05-15 04:00:00+00:00,49.0,49.2400016784668,45.0099983215332,45.97999954223633,12442800,NXT
2024-05-16 04:00:00+00:00,46.22999954223633,47.3849983215332,43.2400016784668,43.810001373291016,6053600,NXT
2024-05-17 04:00:00+00:00,43.849998474121094,45.31999969482422,43.31999969482422,44.20000076293945,3887500,NXT
2024-05-20 04:00:00+00:00,44.0,44.459999084472656,43.220001220703125,44.400001525878906,2984600,NXT
2024-05-21 04:00:00+00:00,44.040000915527344,47.20000076293945,44.040000915527344,47.04999923706055,3195500,NXT
2024-05-22 04:00:00+00:00,46.790000915527344,53.810001373291016,46.75,53.439998626708984,7090600,NXT
2024-05-23 04:00:00+00:00,52.667999267578125,53.347999572753906,50.599998474121094,51.31999969482422,5157300,NXT
2024-05-24 04:00:00+00:00,52.27000045776367,56.939998626708984,51.244998931884766,56.77000045776367,5365100,NXT
2024-05-28 04:00:00+00:00,57.0,57.04999923706055,55.150001525878906,55.33000183105469,4061900,NXT
2024-05-29 04:00:00+00:00,54.400001525878906,58.4900016784668,54.11000061035156,56.310001373291016,4042500,NXT
2024-05-30 04:00:00+00:00,56.09000015258789,56.91999816894531,55.33000183105469,56.650001525878906,1971500,NXT
2024-05-31 04:00:00+00:00,57.38999938964844,58.380001068115234,52.97999954223633,55.16999816894531,3277100,NXT
2024-06-03 04:00:00+00:00,55.970001220703125,57.470001220703125,54.02000045776367,54.279998779296875,2301000,NXT
2024-06-04 04:00:00+00:00,54.18000030517578,55.7400016784668,53.665000915527344,53.79999923706055,2181900,NXT
2024-06-05 04:00:00+00:00,54.290000915527344,56.599998474121094,54.029998779296875,56.31999969482422,2704000,NXT
2024-06-06 04:00:00+00:00,56.22999954223633,56.869998931884766,55.20000076293945,55.810001373291016,1639500,NXT
2024-06-07 04:00:00+00:00,54.59000015258789,56.310001373291016,53.400001525878906,55.650001525878906,3909100,NXT
2024-06-10 04:00:00+00:00,57.86000061035156,59.619998931884766,56.0,58.060001373291016,6779800,NXT
2024-06-11 04:00:00+00:00,57.75,59.119998931884766,57.5,58.91999816894531,3955000,NXT
2024-06-12 04:00:00+00:00,60.349998474121094,62.26499938964844,60.13999938964844,60.279998779296875,4349400,NXT
2024-06-13 04:00:00+00:00,60.81999969482422,62.310001373291016,59.279998779296875,60.529998779296875,3080700,NXT
2024-06-14 04:00:00+00:00,59.38999938964844,60.369998931884766,58.5,59.25,2270600,NXT
2024-06-17 04:00:00+00:00,59.2400016784668,60.41999816894531,56.369998931884766,57.84000015258789,3611100,NXT
2024-06-18 04:00:00+00:00,57.779998779296875,58.790000915527344,57.310001373291016,57.97999954223633,2846800,NXT
2024-06-20 04:00:00+00:00,57.529998779296875,58.0,56.290000915527344,56.70000076293945,3218400,NXT
2024-06-21 04:00:00+00:00,56.88999938964844,57.11000061035156,53.88999938964844,54.790000915527344,21236500,NXT
2024-06-24 04:00:00+00:00,54.34000015258789,54.91999816894531,51.810001373291016,51.83000183105469,3806700,NXT
2024-06-25 04:00:00+00:00,51.69499969482422,51.69499969482422,48.790000915527344,49.63999938964844,4211700,NXT
2024-06-26 04:00:00+00:00,49.279998779296875,49.540000915527344,46.3849983215332,46.59000015258789,5156800,NXT
2024-06-27 04:00:00+00:00,46.400001525878906,49.52000045776367,46.25,49.130001068115234,5730500,NXT
2024-06-28 04:00:00+00:00,49.29999923706055,50.220001220703125,46.47999954223633,46.880001068115234,8626100,NXT
2024-07-01 04:00:00+00:00,46.959999084472656,47.36000061035156,46.060001373291016,46.119998931884766,3673400,NXT
2024-07-02 04:00:00+00:00,46.0099983215332,47.29999923706055,44.52000045776367,45.31999969482422,3852000,NXT
2024-07-03 04:00:00+00:00,46.45000076293945,47.849998474121094,46.09000015258789,47.369998931884766,3608100,NXT
2024-07-05 04:00:00+00:00,47.369998931884766,48.13999938964844,46.15999984741211,46.20000076293945,2411200,NXT
2024-07-08 04:00:00+00:00,46.90999984741211,48.41299819946289,46.7599983215332,47.97999954223633,3058800,NXT
2024-07-09 04:00:00+00:00,47.9900016784668,48.66999816894531,47.619998931884766,48.31999969482422,2715400,NXT
2024-07-10 04:00:00+00:00,49.029998779296875,49.41999816894531,47.650001525878906,48.52000045776367,2084800,NXT
2024-07-11 04:00:00+00:00,50.0,51.28499984741211,49.2599983215332,51.220001220703125,3028500,NXT
2024-07-12 04:00:00+00:00,51.65999984741211,53.400001525878906,51.59000015258789,51.7599983215332,3402200,NXT
2024-07-15 04:00:00+00:00,49.189998626708984,49.9900016784668,47.25,47.77000045776367,3644300,NXT
2024-07-16 04:00:00+00:00,48.52000045776367,49.40999984741211,47.525001525878906,48.09000015258789,3003500,NXT
2024-07-17 04:00:00+00:00,47.27000045776367,48.560001373291016,46.68000030517578,47.15999984741211,3026900,NXT
2024-07-18 04:00:00+00:00,47.20000076293945,49.459999084472656,47.04999923706055,47.369998931884766,2748300,NXT
2024-07-19 04:00:00+00:00,47.45000076293945,48.689998626708984,46.81999969482422,47.86000061035156,2271200,NXT
2024-07-22 04:00:00+00:00,49.08000183105469,49.459999084472656,47.029998779296875,47.41999816894531,2912700,NXT
2024-07-23 04:00:00+00:00,47.27000045776367,47.619998931884766,46.540000915527344,47.13999938964844,2198400,NXT
2024-07-24 04:00:00+00:00,47.0,48.57500076293945,46.66999816894531,46.810001373291016,2373700,NXT
2024-07-25 04:00:00+00:00,46.5099983215332,47.31999969482422,45.619998931884766,46.349998474121094,2176200,NXT
2024-07-26 04:00:00+00:00,47.099998474121094,48.25,46.474998474121094,47.279998779296875,1671300,NXT
2024-07-29 04:00:00+00:00,47.220001220703125,47.470001220703125,45.5,46.880001068115234,2400300,NXT
2024-07-30 04:00:00+00:00,47.20000076293945,48.29999923706055,45.95000076293945,46.880001068115234,2581300,NXT
2024-07-31 04:00:00+00:00,47.939998626708984,50.08000183105469,47.27000045776367,49.13999938964844,2585200,NXT
2024-08-01 04:00:00+00:00,49.84000015258789,49.939998626708984,46.209999084472656,46.83000183105469,3863100,NXT
2024-08-02 04:00:00+00:00,43.400001525878906,43.84000015258789,38.849998474121094,41.97999954223633,8965100,NXT
2024-08-05 04:00:00+00:00,39.060001373291016,41.279998779296875,38.130001068115234,39.810001373291016,5169000,NXT
2024-08-06 04:00:00+00:00,40.34000015258789,40.70000076293945,39.119998931884766,40.040000915527344,3358800,NXT
2024-08-07 04:00:00+00:00,41.060001373291016,42.27000045776367,39.599998474121094,39.83000183105469,4327900,NXT
2024-08-08 04:00:00+00:00,40.13999938964844,40.970001220703125,39.334999084472656,40.189998626708984,3078800,NXT
2024-08-09 04:00:00+00:00,40.0,40.58000183105469,38.29999923706055,39.779998779296875,3399900,NXT
2024-08-12 04:00:00+00:00,39.599998474121094,39.970001220703125,38.790000915527344,38.97999954223633,2223300,NXT
2024-08-13 04:00:00+00:00,39.459999084472656,39.56999969482422,38.54999923706055,39.11000061035156,3453900,NXT
2024-08-14 04:00:00+00:00,39.09000015258789,39.209999084472656,37.970001220703125,38.2599983215332,3080400,NXT
2024-08-15 04:00:00+00:00,39.130001068115234,39.540000915527344,38.27000045776367,38.900001525878906,3327700,NXT
2024-08-16 04:00:00+00:00,38.58000183105469,39.38999938964844,38.29999923706055,38.939998626708984,2729800,NXT
2024-08-19 04:00:00+00:00,39.08000183105469,40.540000915527344,39.04999923706055,40.279998779296875,2664700,NXT
2024-08-20 04:00:00+00:00,40.04999923706055,40.810001373291016,38.869998931884766,39.599998474121094,2209300,NXT
2024-08-21 04:00:00+00:00,40.0,40.20000076293945,39.209999084472656,40.08000183105469,1375300,NXT
2024-08-22 04:00:00+00:00,40.43000030517578,40.779998779296875,39.27000045776367,39.439998626708984,1148000,NXT
2024-08-23 04:00:00+00:00,39.84000015258789,42.224998474121094,39.72999954223633,42.11000061035156,1977600,NXT
2024-08-26 04:00:00+00:00,42.5099983215332,43.4900016784668,42.040000915527344,42.209999084472656,2748800,NXT
2024-08-27 04:00:00+00:00,41.70000076293945,42.380001068115234,41.11000061035156,41.130001068115234,2114800,NXT
2024-08-28 04:00:00+00:00,41.06999969482422,41.5,39.7599983215332,40.2400016784668,1796600,NXT
2024-08-29 04:00:00+00:00,40.27000045776367,41.22999954223633,40.11000061035156,40.56999969482422,1735300,NXT
2024-08-30 04:00:00+00:00,40.83000183105469,41.209999084472656,40.130001068115234,40.66999816894531,2174700,NXT
2024-09-03 04:00:00+00:00,40.13999938964844,40.56999969482422,37.130001068115234,37.22999954223633,4011000,NXT
2024-09-04 04:00:00+00:00,37.11000061035156,37.93000030517578,36.680999755859375,37.459999084472656,2190000,NXT
2024-09-05 04:00:00+00:00,37.470001220703125,37.529998779296875,36.0,36.040000915527344,2047600,NXT
2024-09-06 04:00:00+00:00,35.86000061035156,36.27000045776367,34.18000030517578,34.599998474121094,4255600,NXT
2024-09-09 04:00:00+00:00,35.04999923706055,35.150001525878906,33.71500015258789,33.790000915527344,4567500,NXT
2024-09-10 04:00:00+00:00,33.79999923706055,33.88999938964844,32.650001525878906,33.08000183105469,4286500,NXT
2024-09-11 04:00:00+00:00,34.779998779296875,36.18000030517578,34.58000183105469,35.790000915527344,5980400,NXT
2024-09-12 04:00:00+00:00,35.900001525878906,36.16999816894531,34.56999969482422,35.83000183105469,2815200,NXT
2024-09-13 04:00:00+00:00,36.279998779296875,37.689998626708984,36.22999954223633,37.66999816894531,2972900,NXT
2024-09-16 04:00:00+00:00,37.4900016784668,38.41999816894531,36.709999084472656,37.02000045776367,2978100,NXT
2024-09-17 04:00:00+00:00,37.400001525878906,38.119998931884766,36.83000183105469,37.34000015258789,2632600,NXT
2024-09-18 04:00:00+00:00,37.34000015258789,38.83000183105469,36.70500183105469,36.84000015258789,3572000,NXT
2024-09-19 04:00:00+00:00,38.4900016784668,38.4900016784668,36.15999984741211,36.459999084472656,3730700,NXT
2024-09-20 04:00:00+00:00,36.36000061035156,36.95000076293945,35.86000061035156,36.65999984741211,11221100,NXT
2024-09-23 04:00:00+00:00,36.849998474121094,37.709999084472656,36.540000915527344,36.849998474121094,2214500,NXT
2024-09-24 04:00:00+00:00,37.439998626708984,37.5,36.220001220703125,36.72999954223633,1972300,NXT
2024-09-25 04:00:00+00:00,36.75,37.18000030517578,36.24100112915039,36.40999984741211,1992400,NXT
2024-09-26 04:00:00+00:00,37.689998626708984,38.709999084472656,37.349998474121094,37.560001373291016,1993300,NXT
2024-09-27 04:00:00+00:00,38.150001525878906,39.09000015258789,38.08000183105469,38.900001525878906,1949800,NXT
2024-09-30 04:00:00+00:00,38.220001220703125,38.470001220703125,37.17499923706055,37.47999954223633,1975000,NXT
2024-10-01 04:00:00+00:00,37.2400016784668,38.63999938964844,35.90999984741211,38.029998779296875,4746100,NXT
2024-10-02 04:00:00+00:00,37.43000030517578,37.63999938964844,35.93000030517578,36.119998931884766,2569300,NXT
2024-10-03 04:00:00+00:00,35.939998626708984,36.67499923706055,35.689998626708984,36.36000061035156,1664400,NXT
2024-10-04 04:00:00+00:00,37.38999938964844,37.45000076293945,36.36000061035156,36.59000015258789,1973800,NXT
2024-10-07 04:00:00+00:00,36.5,36.54499816894531,35.43000030517578,35.970001220703125,1985300,NXT
2024-10-08 04:00:00+00:00,35.52000045776367,35.63999938964844,34.900001525878906,35.130001068115234,2259400,NXT
2024-10-09 04:00:00+00:00,35.02000045776367,35.869998931884766,34.849998474121094,35.2400016784668,1693200,NXT
2024-10-10 04:00:00+00:00,34.630001068115234,34.768001556396484,33.540000915527344,33.959999084472656,2673600,NXT
2024-10-11 04:00:00+00:00,33.84000015258789,35.70000076293945,33.75,35.63999938964844,2157100,NXT
2024-10-14 04:00:00+00:00,35.5,35.54999923706055,34.61000061035156,35.22999954223633,1469400,NXT
2024-10-15 04:00:00+00:00,34.849998474121094,35.11000061035156,34.06999969482422,34.20000076293945,2094600,NXT
2024-10-16 04:00:00+00:00,34.459999084472656,35.45000076293945,34.459999084472656,35.040000915527344,2286000,NXT
2024-10-17 04:00:00+00:00,35.11000061035156,35.14500045776367,33.540000915527344,33.56999969482422,2236800,NXT
2024-10-18 04:00:00+00:00,33.779998779296875,34.0099983215332,33.130001068115234,33.52000045776367,1836500,NXT
2024-10-21 04:00:00+00:00,33.33000183105469,33.58000183105469,31.790000915527344,32.599998474121094,2454500,NXT
2024-10-22 04:00:00+00:00,32.599998474121094,32.6150016784668,31.809999465942383,32.04499816894531,2523700,NXT
2024-10-23 04:00:00+00:00,31.549999237060547,32.20000076293945,31.170000076293945,31.420000076293945,2874200,NXT
2024-10-24 04:00:00+00:00,31.260000228881836,31.809999465942383,30.93000030517578,31.290000915527344,2216900,NXT
2024-10-25 04:00:00+00:00,31.479999542236328,32.18000030517578,31.239999771118164,31.459999084472656,2033600,NXT
2024-10-28 04:00:00+00:00,32.095001220703125,32.88100051879883,31.989999771118164,32.560001373291016,2358500,NXT
2024-10-29 04:00:00+00:00,32.04999923706055,32.4900016784668,31.5,32.33000183105469,2199800,NXT
2024-10-30 04:00:00+00:00,31.579999923706055,32.92499923706055,31.18000030517578,31.969999313354492,5568600,NXT
2024-10-31 04:00:00+00:00,38.880001068115234,41.0,36.38999938964844,39.81999969482422,10332400,NXT
2024-11-01 04:00:00+00:00,39.59000015258789,40.3650016784668,38.209999084472656,39.61000061035156,4577300,NXT
2024-11-04 05:00:00+00:00,40.599998474121094,43.599998474121094,40.529998779296875,41.959999084472656,4760700,NXT
2024-11-05 05:00:00+00:00,41.099998474121094,44.2400016784668,40.900001525878906,44.09000015258789,3076000,NXT
2024-11-06 05:00:00+00:00,39.0,42.45500183105469,37.75199890136719,41.630001068115234,9401500,NXT
2024-11-07 05:00:00+00:00,41.88999938964844,41.95500183105469,39.6510009765625,41.349998474121094,3361100,NXT
2024-11-08 05:00:00+00:00,40.439998626708984,41.7599983215332,39.75,40.13999938964844,2897600,NXT
2024-11-11 05:00:00+00:00,40.189998626708984,40.439998626708984,38.869998931884766,39.58000183105469,2354200,NXT
2024-11-12 05:00:00+00:00,38.599998474121094,39.11000061035156,37.4900016784668,38.18000030517578,2607100,NXT
2024-11-13 05:00:00+00:00,38.099998474121094,39.301998138427734,37.21500015258789,37.29999923706055,1953700,NXT
2024-11-14 05:00:00+00:00,37.099998474121094,40.33000183105469,36.560001373291016,39.7599983215332,3396200,NXT
2024-11-15 05:00:00+00:00,39.97999954223633,40.18000030517578,36.439998626708984,36.79999923706055,3022000,NXT
2024-11-18 05:00:00+00:00,36.33000183105469,37.79999923706055,35.86000061035156,37.43000030517578,2116700,NXT
2024-11-19 05:00:00+00:00,37.349998474121094,37.85499954223633,36.34000015258789,36.400001525878906,1714800,NXT
2024-11-20 05:00:00+00:00,36.560001373291016,37.68000030517578,36.5099983215332,37.59000015258789,1738000,NXT
2024-11-21 05:00:00+00:00,37.599998474121094,38.15999984741211,37.13999938964844,37.400001525878906,1703500,NXT
2024-11-22 05:00:00+00:00,37.400001525878906,39.0,37.400001525878906,38.849998474121094,1820800,NXT
2024-11-25 05:00:00+00:00,39.79999923706055,41.41999816894531,39.303001403808594,40.400001525878906,2422200,NXT
2024-11-26 05:00:00+00:00,39.72999954223633,39.9900016784668,38.40999984741211,38.869998931884766,1676500,NXT
2024-11-27 05:00:00+00:00,39.09000015258789,40.38999938964844,38.869998931884766,39.709999084472656,1187800,NXT
2024-11-29 05:00:00+00:00,39.58000183105469,39.90999984741211,38.119998931884766,38.15999984741211,1483600,NXT
2024-12-02 05:00:00+00:00,38.849998474121094,40.2599983215332,38.52000045776367,39.88999938964844,1796600,NXT
2024-12-03 05:00:00+00:00,39.58000183105469,40.029998779296875,38.529998779296875,39.13999938964844,2055100,NXT
2024-12-04 05:00:00+00:00,39.15999984741211,39.709999084472656,37.70100021362305,38.22999954223633,2178400,NXT
2024-12-05 05:00:00+00:00,38.08000183105469,38.55500030517578,36.400001525878906,36.41999816894531,2462200,NXT
2024-12-06 05:00:00+00:00,36.619998931884766,37.13999938964844,36.040000915527344,36.290000915527344,1517400,NXT
2024-12-09 05:00:00+00:00,36.86000061035156,39.529998779296875,36.72999954223633,38.349998474121094,2265000,NXT
2024-12-10 05:00:00+00:00,37.939998626708984,37.939998626708984,36.369998931884766,36.95000076293945,1782600,NXT
2024-12-11 05:00:00+00:00,37.47999954223633,37.810001373291016,35.400001525878906,36.630001068115234,1749600,NXT
2024-12-12 05:00:00+00:00,36.25,36.70000076293945,35.150001525878906,35.209999084472656,1651900,NXT
2024-12-13 05:00:00+00:00,35.0,35.720001220703125,34.540000915527344,35.470001220703125,1410900,NXT
2024-12-16 05:00:00+00:00,36.0,36.470001220703125,35.41999816894531,35.540000915527344,1949700,NXT
2024-12-17 05:00:00+00:00,35.0,36.79999923706055,35.0,35.720001220703125,1764500,NXT
2024-12-18 05:00:00+00:00,35.86000061035156,37.290000915527344,34.560001373291016,34.9900016784668,2009700,NXT
2024-12-19 05:00:00+00:00,34.97999954223633,35.40999984741211,33.7599983215332,33.84000015258789,2038200,NXT
2024-12-20 05:00:00+00:00,33.400001525878906,36.150001525878906,33.290000915527344,35.150001525878906,7307000,NXT
2024-12-23 05:00:00+00:00,35.25,36.5,35.25,36.400001525878906,1673900,NXT
2024-12-24 05:00:00+00:00,36.72999954223633,36.970001220703125,35.95000076293945,36.7400016784668,670100,NXT
2024-12-26 05:00:00+00:00,36.29999923706055,37.06999969482422,36.15999984741211,36.970001220703125,1176200,NXT
2024-12-27 05:00:00+00:00,36.619998931884766,37.5,36.470001220703125,37.22999954223633,1242600,NXT
2024-12-30 05:00:00+00:00,36.779998779296875,37.25,36.15999984741211,36.970001220703125,1450300,NXT
2024-12-31 05:00:00+00:00,37.209999084472656,37.880001068115234,36.470001220703125,36.529998779296875,2416500,NXT
2025-01-02 05:00:00+00:00,37.38999938964844,40.220001220703125,37.16299819946289,39.5,2616000,NXT
2025-01-03 05:00:00+00:00,39.59000015258789,40.52000045776367,39.30699920654297,39.630001068115234,1973700,NXT
2025-01-06 05:00:00+00:00,40.75,42.915000915527344,40.459999084472656,40.709999084472656,2970400,NXT
2025-01-07 05:00:00+00:00,40.75,44.560001373291016,40.73500061035156,43.91999816894531,4504800,NXT
2025-01-08 05:00:00+00:00,42.220001220703125,42.88999938964844,41.529998779296875,42.529998779296875,2803200,NXT
2025-01-10 05:00:00+00:00,40.84000015258789,41.970001220703125,40.61000061035156,41.099998474121094,2409100,NXT
2025-01-13 05:00:00+00:00,40.400001525878906,41.18000030517578,38.61000061035156,40.849998474121094,2203300,NXT
2025-01-14 05:00:00+00:00,41.97999954223633,43.099998474121094,41.18000030517578,42.349998474121094,2830200,NXT
2025-01-15 05:00:00+00:00,44.0,44.56999969482422,42.25,42.72999954223633,2537800,NXT
2025-01-16 05:00:00+00:00,43.560001373291016,45.33000183105469,43.34000015258789,45.27000045776367,2316000,NXT
2025-01-17 05:00:00+00:00,46.06999969482422,46.52000045776367,43.63999938964844,44.189998626708984,2189200,NXT
2025-01-21 05:00:00+00:00,44.439998626708984,44.439998626708984,41.459999084472656,42.47999954223633,2586700,NXT
2025-01-22 05:00:00+00:00,42.45000076293945,42.84000015258789,40.88999938964844,41.20000076293945,3311600,NXT
2025-01-23 05:00:00+00:00,40.79999923706055,42.20000076293945,39.849998474121094,41.88999938964844,3112900,NXT
2025-01-24 05:00:00+00:00,41.58000183105469,41.93000030517578,40.619998931884766,41.0,3382400,NXT
2025-01-27 05:00:00+00:00,40.880001068115234,41.189998626708984,39.4900016784668,39.630001068115234,2829600,NXT
2025-01-28 05:00:00+00:00,40.119998931884766,40.81999969482422,38.869998931884766,39.619998931884766,4786200,NXT
2025-01-29 05:00:00+00:00,49.900001525878906,49.9900016784668,46.43000030517578,49.2400016784668,11850800,NXT
2025-01-30 05:00:00+00:00,50.029998779296875,52.27000045776367,48.650001525878906,50.630001068115234,4578200,NXT
2025-01-31 05:00:00+00:00,51.130001068115234,52.13999938964844,50.39500045776367,50.41999816894531,2389700,NXT
2025-02-03 05:00:00+00:00,48.31999969482422,49.43000030517578,47.75,48.599998474121094,2570700,NXT
2025-02-04 05:00:00+00:00,48.81999969482422,50.34000015258789,47.65999984741211,49.75,2268300,NXT
2025-02-05 05:00:00+00:00,48.59000015258789,48.95000076293945,46.630001068115234,46.88999938964844,6171300,NXT
2025-02-06 05:00:00+00:00,47.36000061035156,48.04999923706055,46.869998931884766,47.61000061035156,3418000,NXT
2025-02-07 05:00:00+00:00,47.61000061035156,48.02000045776367,45.77000045776367,46.119998931884766,3084600,NXT
2025-02-10 05:00:00+00:00,46.119998931884766,46.900001525878906,45.20000076293945,45.939998626708984,2885300,NXT
2025-02-11 05:00:00+00:00,45.400001525878906,46.29999923706055,44.810001373291016,45.119998931884766,2180300,NXT
2025-02-12 05:00:00+00:00,44.45000076293945,45.73500061035156,43.75,45.310001373291016,2047700,NXT
2025-02-13 05:00:00+00:00,46.2599983215332,46.54999923706055,44.970001220703125,45.90999984741211,2519500,NXT
2025-02-14 05:00:00+00:00,46.25,47.75,46.25,47.29999923706055,2196900,NXT
2025-02-18 05:00:00+00:00,47.845001220703125,48.720001220703125,47.33000183105469,48.290000915527344,2115100,NXT
2025-02-19 05:00:00+00:00,48.869998931884766,49.970001220703125,48.04999923706055,48.61000061035156,2804000,NXT
2025-02-20 05:00:00+00:00,48.52000045776367,48.66999816894531,47.22999954223633,48.41999816894531,1891200,NXT
2025-02-21 05:00:00+00:00,48.029998779296875,48.91999816894531,45.77000045776367,46.119998931884766,1833300,NXT
2025-02-24 05:00:00+00:00,46.400001525878906,47.65999984741211,45.5,46.70000076293945,2154100,NXT
2025-02-25 05:00:00+00:00,46.27000045776367,47.650001525878906,45.90999984741211,46.54999923706055,1609700,NXT
2025-02-26 05:00:00+00:00,47.58000183105469,48.45000076293945,47.04999923706055,47.41999816894531,1249000,NXT
2025-02-27 05:00:00+00:00,47.84000015258789,48.04999923706055,44.95000076293945,45.02000045776367,1671200,NXT
2025-02-28 05:00:00+00:00,44.59000015258789,44.70000076293945,42.0,44.02000045776367,3698700,NXT
2025-03-03 05:00:00+00:00,44.119998931884766,44.189998626708984,42.26499938964844,42.40999984741211,2320000,NXT
2025-03-04 05:00:00+00:00,41.04999923706055,43.970001220703125,40.19499969482422,43.09000015258789,3214000,NXT
2025-03-05 05:00:00+00:00,43.09000015258789,43.26499938964844,41.939998626708984,42.79999923706055,1509300,NXT
2025-03-06 05:00:00+00:00,41.93000030517578,42.91999816894531,41.33000183105469,42.09000015258789,1732100,NXT
2025-03-07 05:00:00+00:00,41.38999938964844,42.439998626708984,40.54999923706055,41.560001373291016,2365500,NXT
2025-03-10 04:00:00+00:00,41.040000915527344,42.47999954223633,40.209999084472656,41.709999084472656,2637600,NXT
2025-03-11 04:00:00+00:00,42.31999969482422,45.31999969482422,42.13999938964844,44.939998626708984,3119700,NXT
2025-03-12 04:00:00+00:00,45.52000045776367,45.65999984741211,43.904998779296875,44.31999969482422,1976300,NXT
2025-03-13 04:00:00+00:00,44.220001220703125,45.290000915527344,43.59000015258789,45.15999984741211,1984300,NXT
2025-03-14 04:00:00+00:00,45.93000030517578,46.14400100708008,43.84000015258789,44.310001373291016,2681500,NXT
2025-03-17 04:00:00+00:00,44.65999984741211,45.95000076293945,44.099998474121094,45.900001525878906,1540700,NXT
2025-03-18 04:00:00+00:00,45.65999984741211,45.68000030517578,43.880001068115234,44.47999954223633,1276500,NXT
2025-03-19 04:00:00+00:00,44.31999969482422,45.28499984741211,43.45000076293945,45.16999816894531,1318600,NXT
2025-03-20 04:00:00+00:00,44.72999954223633,45.599998474121094,44.08000183105469,44.970001220703125,955900,NXT
2025-03-21 04:00:00+00:00,44.16999816894531,44.84000015258789,43.64500045776367,44.27000045776367,3499000,NXT
2025-03-24 04:00:00+00:00,45.060001373291016,46.65999984741211,44.68000030517578,45.20000076293945,1494400,NXT
2025-03-25 04:00:00+00:00,45.93000030517578,46.900001525878906,44.970001220703125,45.209999084472656,1857700,NXT
2025-03-26 04:00:00+00:00,45.20000076293945,45.4900016784668,43.220001220703125,43.66999816894531,1269800,NXT
2025-03-27 04:00:00+00:00,43.369998931884766,43.847999572753906,42.68000030517578,42.75,1028600,NXT
2025-03-28 04:00:00+00:00,42.6150016784668,43.2400016784668,41.797000885009766,43.150001525878906,1407300,NXT
2025-03-31 04:00:00+00:00,42.470001220703125,42.63999938964844,40.5,42.13999938964844,1684900,NXT
2025-04-01 04:00:00+00:00,42.31999969482422,43.25,41.5099983215332,43.04999923706055,1471400,NXT
2025-04-02 04:00:00+00:00,42.43000030517578,43.83000183105469,42.0,43.540000915527344,1394500,NXT
2025-04-03 04:00:00+00:00,41.18000030517578,42.29600143432617,40.029998779296875,40.400001525878906,2306300,NXT
2025-04-04 04:00:00+00:00,38.400001525878906,39.709999084472656,37.81999969482422,39.02000045776367,2100000,NXT
2025-04-07 04:00:00+00:00,37.400001525878906,41.459999084472656,36.2400016784668,37.900001525878906,3256800,NXT
2025-04-08 04:00:00+00:00,38.869998931884766,39.56999969482422,36.400001525878906,37.0,2119000,NXT
2025-04-09 04:00:00+00:00,36.279998779296875,39.81100082397461,36.060001373291016,39.22999954223633,2873900,NXT
2025-04-10 04:00:00+00:00,38.84000015258789,38.959999084472656,36.150001525878906,37.75,1811100,NXT
2025-04-11 04:00:00+00:00,37.65999984741211,39.560001373291016,36.777000427246094,39.22999954223633,1660800,NXT
2025-04-14 04:00:00+00:00,39.90999984741211,41.150001525878906,39.13199996948242,40.72999954223633,1762800,NXT
2025-04-15 04:00:00+00:00,40.459999084472656,41.279998779296875,40.119998931884766,40.56999969482422,1446000,NXT
2025-04-16 04:00:00+00:00,40.470001220703125,41.119998931884766,39.11000061035156,39.720001220703125,1192200,NXT
2025-04-17 04:00:00+00:00,39.720001220703125,40.61000061035156,39.314998626708984,40.29999923706055,1220200,NXT
2025-04-21 04:00:00+00:00,39.88999938964844,40.119998931884766,38.38999938964844,39.279998779296875,964300,NXT
2025-04-22 04:00:00+00:00,39.630001068115234,41.7400016784668,39.15999984741211,40.36000061035156,2030700,NXT
2025-04-23 04:00:00+00:00,41.5099983215332,41.900001525878906,39.439998626708984,40.130001068115234,1494600,NXT
2025-04-24 04:00:00+00:00,40.91999816894531,42.63999938964844,40.630001068115234,42.349998474121094,1628700,NXT
2025-04-25 04:00:00+00:00,42.36000061035156,43.720001220703125,42.029998779296875,43.650001525878906,1067100,NXT
2025-04-28 04:00:00+00:00,43.97999954223633,44.06999969482422,42.689998626708984,43.20000076293945,1409300,NXT
2025-04-29 04:00:00+00:00,43.02000045776367,43.47999954223633,42.36000061035156,43.06999969482422,2211400,NXT
2025-04-30 04:00:00+00:00,41.70000076293945,41.70000076293945,37.15999984741211,40.61000061035156,3643000,NXT
2025-05-01 04:00:00+00:00,40.599998474121094,42.31999969482422,40.599998474121094,41.869998931884766,1694700,NXT
2025-05-02 04:00:00+00:00,42.599998474121094,42.9900016784668,42.029998779296875,42.20000076293945,1115400,NXT
2025-05-05 04:00:00+00:00,42.0099983215332,42.0099983215332,40.85499954223633,41.119998931884766,1542300,NXT
2025-05-06 04:00:00+00:00,41.77000045776367,43.858001708984375,41.25,42.88999938964844,2381600,NXT
2025-05-07 04:00:00+00:00,43.5,44.15999984741211,43.16999816894531,43.77000045776367,1582500,NXT
2025-05-08 04:00:00+00:00,44.22999954223633,45.25,43.68000030517578,44.599998474121094,2493900,NXT
2025-05-09 04:00:00+00:00,45.0,46.900001525878906,44.75,46.540000915527344,2072500,NXT
2025-05-12 04:00:00+00:00,50.08000183105469,51.119998931884766,48.630001068115234,50.630001068115234,4312900,NXT
2025-05-13 04:00:00+00:00,53.90999984741211,57.96500015258789,53.779998779296875,54.09000015258789,6670200,NXT
2025-05-14 04:00:00+00:00,52.709999084472656,55.76499938964844,52.33000183105469,55.040000915527344,5162100,NXT
2025-05-15 04:00:00+00:00,54.310001373291016,63.189998626708984,53.52000045776367,61.59000015258789,8199800,NXT
2025-05-16 04:00:00+00:00,60.16999816894531,61.599998474121094,58.13999938964844,59.310001373291016,4316000,NXT
2025-05-19 04:00:00+00:00,58.5099983215332,58.61000061035156,56.54999923706055,58.34000015258789,3646800,NXT
2025-05-20 04:00:00+00:00,58.43000030517578,60.189998626708984,58.349998474121094,58.9900016784668,2405500,NXT
2025-05-21 04:00:00+00:00,58.47999954223633,58.84000015258789,57.09000015258789,57.86000061035156,3223000,NXT
2025-05-22 04:00:00+00:00,53.86000061035156,56.685001373291016,52.0,56.04999923706055,6807000,NXT
2025-05-23 04:00:00+00:00,55.95000076293945,56.849998474121094,55.0629997253418,56.04999923706055,1882400,NXT
2025-05-27 04:00:00+00:00,56.93000030517578,57.38999938964844,55.16600036621094,55.880001068115234,2353100,NXT
2025-05-28 04:00:00+00:00,55.939998626708984,56.474998474121094,54.869998931884766,55.61000061035156,2127100,NXT
2025-05-29 04:00:00+00:00,55.709999084472656,56.47999954223633,55.33000183105469,55.42499923706055,1317200,NXT
2025-05-30 04:00:00+00:00,55.41999816894531,57.849998474121094,55.0,56.689998626708984,2249300,NXT
2025-06-02 04:00:00+00:00,56.29999923706055,57.380001068115234,54.20000076293945,55.290000915527344,1543000,NXT
2025-06-03 04:00:00+00:00,55.380001068115234,58.209999084472656,54.52000045776367,57.97999954223633,2329100,NXT
2025-06-04 04:00:00+00:00,58.38999938964844,58.56999969482422,56.63999938964844,56.91999816894531,1348100,NXT
2025-06-05 04:00:00+00:00,57.189998626708984,58.45000076293945,56.250999450683594,57.65999984741211,1565400,NXT
2025-06-06 04:00:00+00:00,58.13999938964844,59.516998291015625,57.48500061035156,58.91999816894531,1482800,NXT
2025-06-09 04:00:00+00:00,59.59000015258789,60.47999954223633,58.90999984741211,59.02000045776367,1567600,NXT
2025-06-10 04:00:00+00:00,59.83000183105469,59.89500045776367,58.20000076293945,58.97999954223633,1393500,NXT
2025-06-11 04:00:00+00:00,59.5,60.784000396728516,58.9900016784668,60.150001525878906,1556500,NXT
2025-06-12 04:00:00+00:00,59.36000061035156,60.16999816894531,58.81999969482422,59.41999816894531,1300300,NXT
2025-06-13 04:00:00+00:00,58.45000076293945,61.0099983215332,57.77000045776367,60.709999084472656,1626500,NXT
2025-06-16 04:00:00+00:00,60.630001068115234,61.0,58.84000015258789,60.75,1880700,NXT
2025-06-17 04:00:00+00:00,56.040000915527344,60.619998931884766,55.540000915527344,59.779998779296875,3591700,NXT
2025-06-18 04:00:00+00:00,59.75,60.417999267578125,58.22999954223633,58.900001525878906,2352600,NXT
2025-06-20 04:00:00+00:00,58.439998626708984,60.02000045776367,56.75,57.619998931884766,3456400,NXT
2025-06-23 04:00:00+00:00,57.380001068115234,57.948001861572266,55.869998931884766,56.20000076293945,2938400,NXT
2025-06-24 04:00:00+00:00,56.4900016784668,57.689998626708984,54.0,57.2599983215332,2271300,NXT
2025-06-25 04:00:00+00:00,57.31999969482422,57.9900016784668,56.40999984741211,57.560001373291016,1748700,NXT
2025-06-26 04:00:00+00:00,57.93000030517578,59.93000030517578,57.93000030517578,58.58000183105469,1915200,NXT
2025-06-27 04:00:00+00:00,58.61000061035156,58.86000061035156,57.7130012512207,58.31999969482422,2219700,NXT
2025-06-30 04:00:00+00:00,52.560001373291016,55.70000076293945,51.689998626708984,54.369998931884766,4703900,NXT
2025-07-01 04:00:00+00:00,53.92499923706055,58.45500183105469,52.83000183105469,57.52000045776367,4849600,NXT
2025-07-02 04:00:00+00:00,57.81999969482422,62.29999923706055,57.775001525878906,61.040000915527344,4251700,NXT
2025-07-03 04:00:00+00:00,63.06999969482422,66.53500366210938,63.06999969482422,66.30999755859375,2920000,NXT
2025-07-07 04:00:00+00:00,66.95999908447266,67.86900329589844,65.16999816894531,66.44999694824219,3945500,NXT
2025-07-08 04:00:00+00:00,65.16000366210938,65.86000061035156,62.720001220703125,63.939998626708984,3090100,NXT
2025-07-09 04:00:00+00:00,64.05000305175781,64.41000366210938,62.18000030517578,63.91999816894531,2065900,NXT
2025-07-10 04:00:00+00:00,64.2300033569336,64.5,62.470001220703125,62.619998931884766,2085100,NXT
2025-07-11 04:00:00+00:00,62.689998626708984,63.10900115966797,61.38999938964844,61.70000076293945,2196100,NXT
2025-07-14 04:00:00+00:00,60.4900016784668,62.25,59.060001373291016,59.869998931884766,2562200,NXT
2025-07-15 04:00:00+00:00,61.099998474121094,63.04999923706055,60.611000061035156,62.93000030517578,2487300,NXT
2025-07-16 04:00:00+00:00,63.119998931884766,63.63999938964844,61.0099983215332,61.83000183105469,1624900,NXT
2025-07-17 04:00:00+00:00,62.119998931884766,62.119998931884766,59.77000045776367,60.47999954223633,1918000,NXT
2025-07-18 04:00:00+00:00,60.54999923706055,61.20000076293945,59.779998779296875,60.529998779296875,1920000,NXT
2025-07-21 04:00:00+00:00,60.900001525878906,62.540000915527344,60.119998931884766,61.529998779296875,1238000,NXT
2025-07-22 04:00:00+00:00,61.54999923706055,63.0,60.599998474121094,62.099998474121094,1644300,NXT
2025-07-23 04:00:00+00:00,62.17499923706055,63.630001068115234,61.279998779296875,62.95000076293945,1846400,NXT
2025-07-24 04:00:00+00:00,63.13999938964844,64.12999725341797,62.70000076293945,63.40999984741211,1710800,NXT
2025-07-25 04:00:00+00:00,63.79999923706055,64.87000274658203,63.22999954223633,64.52999877929688,1844800,NXT
2025-07-28 04:00:00+00:00,65.18000030517578,65.61000061035156,64.08000183105469,65.41000366210938,2574800,NXT
2025-07-29 04:00:00+00:00,65.6500015258789,65.66000366210938,63.46200180053711,64.9000015258789,3089900,NXT
2025-07-30 04:00:00+00:00,62.54999923706055,62.79999923706055,58.0,58.880001068115234,8073200,NXT
2025-07-31 04:00:00+00:00,59.189998626708984,60.88999938964844,57.1150016784668,58.2599983215332,2801900,NXT
2025-08-01 04:00:00+00:00,57.560001373291016,58.31999969482422,56.560001373291016,56.56999969482422,2221900,NXT
2025-08-04 04:00:00+00:00,56.56999969482422,57.02000045776367,55.470001220703125,56.30500030517578,2225000,NXT
2025-08-05 04:00:00+00:00,56.790000915527344,57.27899932861328,56.0,56.02000045776367,1522200,NXT
2025-08-06 04:00:00+00:00,56.119998931884766,56.540000915527344,54.2400016784668,54.619998931884766,1611100,NXT
2025-08-07 04:00:00+00:00,55.77000045776367,57.130001068115234,55.5,55.720001220703125,1594500,NXT
2025-08-08 04:00:00+00:00,56.2400016784668,57.290000915527344,55.900001525878906,56.209999084472656,1647400,NXT
2025-08-11 04:00:00+00:00,56.59000015258789,57.290000915527344,53.630001068115234,53.79999923706055,1731300,NXT
2025-08-12 04:00:00+00:00,54.150001525878906,55.13999938964844,53.71099853515625,54.5,2570200,NXT
2025-08-13 04:00:00+00:00,55.0,56.86000061035156,54.66999816894531,55.290000915527344,2587600,NXT
2025-08-14 04:00:00+00:00,55.20000076293945,55.869998931884766,52.61000061035156,53.9900016784668,1863200,NXT
2025-08-15 04:00:00+00:00,54.20000076293945,61.119998931884766,53.77000045776367,60.58000183105469,6047400,NXT
2025-08-18 04:00:00+00:00,64.9000015258789,68.75,64.02999877929688,67.69999694824219,6492200,NXT
2025-08-19 04:00:00+00:00,67.69999694824219,70.13999938964844,66.40499877929688,66.55999755859375,4069100,NXT
2025-08-20 04:00:00+00:00,66.76000213623047,68.5199966430664,65.56999969482422,66.12999725341797,2898300,NXT
2025-08-21 04:00:00+00:00,66.08999633789062,66.08999633789062,63.869998931884766,64.04000091552734,2079900,NXT
2025-08-22 04:00:00+00:00,64.68000030517578,68.83999633789062,64.37000274658203,68.7699966430664,2136700,NXT
2025-08-25 04:00:00+00:00,68.05000305175781,68.76000213623047,67.0199966430664,67.58999633789062,1801500,NXT
2025-08-26 04:00:00+00:00,67.83000183105469,69.68000030517578,67.36100006103516,68.58000183105469,1893400,NXT
2025-08-27 04:00:00+00:00,68.52999877929688,69.4800033569336,67.11499786376953,67.69000244140625,1487400,NXT
2025-08-28 04:00:00+00:00,67.51000213623047,69.30999755859375,66.37999725341797,68.11000061035156,1786400,NXT
2025-08-29 04:00:00+00:00,68.55999755859375,69.33999633789062,64.7300033569336,67.26000213623047,1399200,NXT
2025-09-02 04:00:00+00:00,65.08000183105469,67.05999755859375,64.33000183105469,66.72000122070312,1509300,NXT
2025-09-03 04:00:00+00:00,67.05000305175781,68.38999938964844,66.55999755859375,66.80000305175781,1680000,NXT
2025-09-04 04:00:00+00:00,66.94999694824219,69.05999755859375,66.88999938964844,68.8499984741211,1631000,NXT
2025-09-05 04:00:00+00:00,69.5,71.2699966430664,67.36000061035156,70.12000274658203,1951100,NXT
2025-09-08 04:00:00+00:00,71.08000183105469,71.44000244140625,68.92500305175781,69.76000213623047,1782500,NXT
2025-09-09 04:00:00+00:00,69.7300033569336,70.31999969482422,64.30999755859375,64.33000183105469,2235000,NXT
2025-09-10 04:00:00+00:00,64.33000183105469,67.91799926757812,64.30000305175781,67.58999633789062,1901200,NXT
2025-09-11 04:00:00+00:00,67.18000030517578,68.43000030517578,66.0,67.5,1725400,NXT
2025-09-12 04:00:00+00:00,67.08000183105469,68.06999969482422,66.41999816894531,66.69999694824219,1460700,NXT
2025-09-15 04:00:00+00:00,66.80999755859375,68.23999786376953,65.75,67.63999938964844,1220000,NXT
2025-09-16 04:00:00+00:00,67.88999938964844,69.0,66.69999694824219,66.8499984741211,1728500,NXT
2025-09-17 04:00:00+00:00,67.43000030517578,69.88999938964844,67.17500305175781,68.70999908447266,1766500,NXT
2025-09-18 04:00:00+00:00,68.62000274658203,70.60900115966797,67.66000366210938,70.4800033569336,1465500,NXT
2025-09-19 04:00:00+00:00,71.52999877929688,72.12000274658203,70.51000213623047,71.3499984741211,5969500,NXT
2025-09-22 04:00:00+00:00,70.36000061035156,73.2300033569336,70.01000213623047,73.13999938964844,1598500,NXT
2025-09-23 04:00:00+00:00,73.66999816894531,73.83999633789062,70.13999938964844,70.55999755859375,2006800,NXT
2025-09-24 04:00:00+00:00,71.43000030517578,74.4800033569336,70.86000061035156,72.76000213623047,2289100,NXT
2025-09-25 04:00:00+00:00,70.6500015258789,73.62000274658203,69.22000122070312,73.51000213623047,1643000,NXT
2025-09-26 04:00:00+00:00,73.45999908447266,73.45999908447266,70.91999816894531,73.06999969482422,1881400,NXT
2025-09-29 04:00:00+00:00,74.13999938964844,76.80899810791016,74.08999633789062,76.12999725341797,2483100,NXT
2025-09-30 04:00:00+00:00,77.04000091552734,77.79000091552734,73.27999877929688,73.98999786376953,1927200,NXT
2025-10-01 04:00:00+00:00,74.1500015258789,76.05500030517578,73.06999969482422,75.62000274658203,1569100,NXT
2025-10-02 04:00:00+00:00,76.9800033569336,79.48999786376953,76.58000183105469,79.36000061035156,2626400,NXT
2025-10-03 04:00:00+00:00,79.94999694824219,80.83000183105469,74.91000366210938,77.12999725341797,2669600,NXT
2025-10-06 04:00:00+00:00,77.88999938964844,80.38999938964844,77.37999725341797,78.33999633789062,2060000,NXT
2025-10-07 04:00:00+00:00,78.33999633789062,80.19000244140625,76.19000244140625,77.55000305175781,1349000,NXT
2025-10-08 04:00:00+00:00,78.69999694824219,78.9800033569336,77.5999984741211,78.5,896900,NXT
2025-10-09 04:00:00+00:00,79.37999725341797,84.56999969482422,78.74500274658203,83.8499984741211,2271100,NXT
2025-10-10 04:00:00+00:00,85.67500305175781,86.38999938964844,81.30500030517578,82.80000305175781,2727000,NXT
2025-10-13 04:00:00+00:00,85.25,87.52999877929688,84.19999694824219,86.95999908447266,2089200,NXT
2025-10-14 04:00:00+00:00,85.33999633789062,87.9000015258789,82.83999633789062,86.94999694824219,2291500,NXT
2025-10-15 04:00:00+00:00,89.11000061035156,93.5009994506836,88.38999938964844,93.12000274658203,3256400,NXT
2025-10-16 04:00:00+00:00,93.8499984741211,93.9000015258789,86.6500015258789,87.58000183105469,3534800,NXT
2025-10-17 04:00:00+00:00,85.9000015258789,87.6500015258789,85.22000122070312,87.05999755859375,2508300,NXT
2025-10-20 04:00:00+00:00,87.94000244140625,89.6500015258789,87.6500015258789,88.81999969482422,2012900,NXT
2025-10-21 04:00:00+00:00,92.0,92.29499816894531,87.80000305175781,89.69999694824219,2399800,NXT
2025-10-22 04:00:00+00:00,86.54000091552734,88.29000091552734,85.0999984741211,87.55000305175781,2637000,NXT
2025-10-23 04:00:00+00:00,87.69000244140625,90.5,87.16000366210938,90.37999725341797,3717900,NXT
2025-10-24 04:00:00+00:00,100.29000091552734,101.9800033569336,95.87000274658203,98.27999877929688,5184000,NXT
2025-10-27 04:00:00+00:00,99.43000030517578,101.18000030517578,95.70999908447266,98.55000305175781,4893200,NXT
2025-10-28 04:00:00+00:00,99.9800033569336,100.11000061035156,96.0999984741211,97.0,2458700,NXT
2025-10-29 04:00:00+00:00,98.8499984741211,104.41000366210938,97.0,102.66999816894531,2286800,NXT
2025-10-30 04:00:00+00:00,99.55000305175781,101.37000274658203,98.11000061035156,99.12000274658203,1788000,NXT
2025-10-31 04:00:00+00:00,99.25,101.86000061035156,97.86000061035156,101.22000122070312,1632600,NXT
2025-11-03 05:00:00+00:00,104.12999725341797,106.9010009765625,101.4000015258789,101.5,2091500,NXT
2025-11-04 05:00:00+00:00,96.58999633789062,100.80500030517578,95.25,99.80999755859375,2041200,NXT
2025-11-05 05:00:00+00:00,101.6500015258789,112.73999786376953,101.6500015258789,111.83999633789062,3688800,NXT
2025-11-06 05:00:00+00:00,111.43000030517578,112.4800033569336,105.36000061035156,106.54000091552734,2536300,NXT
2025-11-07 05:00:00+00:00,100.9000015258789,104.70999908447266,96.91000366210938,104.62999725341797,2328200,NXT
2025-11-10 05:00:00+00:00,108.94000244140625,109.5,105.91000366210938,107.43000030517578,1736600,NXT
2025-11-11 05:00:00+00:00,105.72000122070312,106.94000244140625,103.22000122070312,105.83000183105469,1587100,NXT
2025-11-12 05:00:00+00:00,105.23999786376953,105.88999938964844,93.05000305175781,96.50499725341797,4882100,NXT
2025-11-13 05:00:00+00:00,95.44000244140625,96.1500015258789,86.31999969482422,88.08999633789062,3686600,NXT
2025-11-14 05:00:00+00:00,84.2699966430664,95.46499633789062,83.05999755859375,93.75,3625400,NXT
2025-11-17 05:00:00+00:00,92.69999694824219,94.44999694824219,88.84500122070312,89.4000015258789,2473900,NXT
2025-11-18 05:00:00+00:00,87.87999725341797,93.41000366210938,87.2300033569336,90.55000305175781,2280000,NXT
2025-11-19 05:00:00+00:00,90.55000305175781,91.83999633789062,89.1500015258789,89.63999938964844,1736700,NXT
2025-11-20 05:00:00+00:00,92.48999786376953,93.43000030517578,84.81999969482422,85.81999969482422,2507800,NXT
2025-11-21 05:00:00+00:00,85.25,87.69000244140625,83.41999816894531,87.12999725341797,1812700,NXT
2025-11-24 05:00:00+00:00,85.4800033569336,88.54000091552734,85.19000244140625,86.86000061035156,1784800,NXT
2025-11-25 05:00:00+00:00,86.87999725341797,90.9000015258789,84.0199966430664,90.05999755859375,1582400,NXT
2025-11-26 05:00:00+00:00,91.0,92.0,89.1500015258789,90.66999816894531,1184500,NXT
2025-11-28 05:00:00+00:00,90.43000030517578,91.87999725341797,89.0999984741211,91.62000274658203,766500,NXT
2025-12-01 05:00:00+00:00,89.33000183105469,89.94999694824219,86.27400207519531,87.44000244140625,1676100,NXT
2025-12-02 05:00:00+00:00,88.43000030517578,90.30000305175781,85.73999786376953,86.5999984741211,1562300,NXT
2025-12-03 05:00:00+00:00,86.5999984741211,87.30000305175781,83.50199890136719,86.87999725341797,1615700,NXT
2025-12-04 05:00:00+00:00,87.02999877929688,91.98999786376953,86.30999755859375,90.6500015258789,1588800,NXT
2025-12-05 05:00:00+00:00,90.81999969482422,93.0,89.26899719238281,90.58499908447266,1854700,NXT
2025-12-08 05:00:00+00:00,90.0,90.72000122070312,86.58000183105469,89.69999694824219,1518500,NXT
2025-12-09 05:00:00+00:00,89.4000015258789,90.04000091552734,87.19000244140625,88.58000183105469,1275900,NXT
2025-12-10 05:00:00+00:00,88.44000244140625,91.44999694824219,84.91000366210938,89.38999938964844,3009400,NXT
2025-12-11 05:00:00+00:00,87.69999694824219,93.55999755859375,84.9000015258789,93.43000030517578,2127700,NXT
2025-12-12 05:00:00+00:00,93.43000030517578,93.50499725341797,85.08000183105469,86.75,2834800,NXT
2025-12-15 05:00:00+00:00,88.0999984741211,88.16000366210938,85.18000030517578,87.16000366210938,1519000,NXT
2025-12-16 05:00:00+00:00,87.0199966430664,88.36000061035156,85.30999755859375,88.0,1797300,NXT
2025-12-17 05:00:00+00:00,88.11000061035156,89.5,84.61000061035156,85.83000183105469,2037000,NXT
2025-12-18 05:00:00+00:00,88.19000244140625,91.58999633789062,86.27999877929688,87.38999938964844,1733800,NXT
2025-12-19 05:00:00+00:00,87.54000091552734,90.79000091552734,87.47000122070312,88.69999694824219,3320800,NXT
2025-12-22 05:00:00+00:00,90.08999633789062,95.48999786376953,89.19000244140625,92.38999938964844,2621300,NXT
2025-12-23 05:00:00+00:00,90.9800033569336,91.98999786376953,89.01000213623047,91.04000091552734,1831600,NXT
2025-12-24 05:00:00+00:00,91.0999984741211,91.57499694824219,89.27999877929688,91.16000366210938,612700,NXT
2025-12-26 05:00:00+00:00,91.22000122070312,91.40499877929688,89.51899719238281,91.23999786376953,764800,NXT
2025-12-29 05:00:00+00:00,90.19000244140625,92.9000015258789,89.69999694824219,90.20999908447266,981900,NXT
2025-12-30 05:00:00+00:00,90.38999938964844,91.0,86.91999816894531,87.04000091552734,1188900,NXT
2025-12-31 05:00:00+00:00,87.5,88.68000030517578,86.63999938964844,87.11000061035156,1037300,NXT
2026-01-02 05:00:00+00:00,88.02999877929688,93.08000183105469,88.02999877929688,92.77999877929688,1260400,NXT
2026-01-05 05:00:00+00:00,95.12999725341797,95.12999725341797,86.12000274658203,89.5999984741211,1651300,NXT
2026-01-06 05:00:00+00:00,91.76000213623047,93.22000122070312,88.4000015258789,91.51000213623047,1481300,NXT
2026-01-07 05:00:00+00:00,92.88999938964844,93.44999694824219,87.69000244140625,88.80999755859375,1570100,NXT
2026-01-08 05:00:00+00:00,88.38999938964844,91.73999786376953,88.05000305175781,89.22000122070312,1041000,NXT
2026-01-09 05:00:00+00:00,89.9800033569336,91.5199966430664,88.73500061035156,91.16999816894531,974500,NXT
2026-01-12 05:00:00+00:00,91.30000305175781,99.91999816894531,90.5199966430664,99.08000183105469,2479900,NXT
2026-01-13 05:00:00+00:00,100.03500366210938,102.11000061035156,97.36000061035156,100.23999786376953,1891600,NXT
2026-01-14 05:00:00+00:00,99.81999969482422,100.37000274658203,94.44000244140625,94.70999908447266,2109600,NXT
2026-01-15 05:00:00+00:00,96.73999786376953,100.94000244140625,96.73999786376953,98.6500015258789,1666500,NXT
2026-01-16 05:00:00+00:00,99.16000366210938,100.73999786376953,96.30000305175781,96.36000061035156,3163400,NXT
2026-01-20 05:00:00+00:00,94.1500015258789,97.37999725341797,92.45999908447266,96.27999877929688,1646000,NXT
2026-01-21 05:00:00+00:00,98.05000305175781,101.18299865722656,97.12000274658203,100.31999969482422,1902600,NXT
2026-01-22 05:00:00+00:00,105.58000183105469,106.19999694824219,101.93000030517578,105.18000030517578,1949400,NXT
2026-01-23 05:00:00+00:00,105.33999633789062,106.83999633789062,103.05999755859375,105.0,2231600,NXT
2026-01-26 05:00:00+00:00,104.73999786376953,108.0999984741211,103.0,107.27999877929688,1648600,NXT
2026-01-27 05:00:00+00:00,107.6500015258789,108.33499908447266,104.38999938964844,105.91000366210938,3552300,NXT
2026-01-28 05:00:00+00:00,122.97000122070312,131.5850067138672,115.3479995727539,119.97000122070312,6266100,NXT
2026-01-29 05:00:00+00:00,119.88999938964844,121.36000061035156,113.0999984741211,121.08000183105469,3544400,NXT
2026-01-30 05:00:00+00:00,118.56999969482422,124.7760009765625,115.75,117.08999633789062,2682800,NXT
2026-02-02 05:00:00+00:00,115.0,119.55000305175781,113.58999633789062,115.5999984741211,2034300,NXT
2026-02-03 05:00:00+00:00,116.47000122070312,121.87000274658203,114.7699966430664,119.8499984741211,1889600,NXT
2026-02-04 05:00:00+00:00,122.27999877929688,124.9000015258789,111.5,116.72000122070312,2409500,NXT
2026-02-05 05:00:00+00:00,114.7300033569336,117.1989974975586,110.0999984741211,114.44000244140625,1836700,NXT
2026-02-06 05:00:00+00:00,118.41000366210938,121.55999755859375,116.79000091552734,121.37000274658203,1888400,NXT
2026-02-09 05:00:00+00:00,121.80999755859375,124.59500122070312,120.0999984741211,121.87000274658203,1610400,NXT
2026-02-10 05:00:00+00:00,123.19999694824219,123.8499984741211,117.5,117.94000244140625,2178600,NXT
2026-02-11 05:00:00+00:00,121.70999908447266,122.58999633789062,114.5,119.9000015258789,1925500,NXT
2026-02-12 05:00:00+00:00,121.01000213623047,121.87000274658203,112.53600311279297,114.23999786376953,2240600,NXT
2026-02-13 05:00:00+00:00,113.22000122070312,118.87000274658203,111.95999908447266,116.44000244140625,1518700,NXT
2026-02-17 05:00:00+00:00,116.5,123.41999816894531,114.23999786376953,122.58999633789062,1874000,NXT
2026-02-18 05:00:00+00:00,123.0,128.75,121.12699890136719,124.48999786376953,2493500,NXT
2026-02-19 05:00:00+00:00,122.7699966430664,123.30999755859375,116.01000213623047,116.05000305175781,1940700,NXT
2026-02-20 05:00:00+00:00,116.41999816894531,120.69000244140625,115.37999725341797,119.33999633789062,1277400,NXT
2026-02-23 05:00:00+00:00,118.83999633789062,119.98999786376953,114.25,116.98999786376953,1168300,NXT
2026-02-24 05:00:00+00:00,114.44000244140625,121.5,112.36000061035156,120.58000183105469,1447000,NXT
2026-02-25 05:00:00+00:00,122.5,123.0,116.2699966430664,116.51000213623047,1604100,NXT
2026-02-26 05:00:00+00:00,113.94000244140625,114.66000366210938,104.51000213623047,106.86000061035156,2906800,NXT
2026-02-27 05:00:00+00:00,103.98999786376953,106.11499786376953,101.16000366210938,105.0999984741211,2341600,NXT
2026-03-02 05:00:00+00:00,100.44999694824219,104.91000366210938,100.19999694824219,103.72000122070312,1344700,NXT
2026-03-03 05:00:00+00:00,99.4000015258789,101.41500091552734,97.45999908447266,101.16000366210938,1363600,NXT
2026-03-04 05:00:00+00:00,101.04000091552734,104.26000213623047,100.19499969482422,103.87999725341797,2224100,NXT
2026-03-05 05:00:00+00:00,101.80999755859375,103.56999969482422,100.30999755859375,103.40499877929688,2084900,NXT
2026-03-06 05:00:00+00:00,100.18000030517578,102.37999725341797,99.0739974975586,101.43000030517578,1341300,NXT
2026-03-09 04:00:00+00:00,100.37999725341797,108.44000244140625,99.43000030517578,108.12999725341797,2170200,NXT
2026-03-10 04:00:00+00:00,109.7699966430664,115.23999786376953,109.44499969482422,113.7300033569336,2858900,NXT
2026-03-11 04:00:00+00:00,115.58999633789062,118.80999755859375,113.66999816894531,116.69000244140625,1630700,NXT
2026-03-12 04:00:00+00:00,113.37000274658203,116.69499969482422,113.04000091552734,115.9000015258789,1656600,NXT
2026-03-13 04:00:00+00:00,117.41000366210938,120.98999786376953,115.9800033569336,119.63999938964844,1942300,NXT
2026-03-16 04:00:00+00:00,121.43000030517578,123.23999786376953,117.3499984741211,118.08999633789062,1488500,NXT
2026-03-17 04:00:00+00:00,119.77999877929688,122.37999725341797,118.37000274658203,121.83999633789062,1529200,NXT
2026-03-18 04:00:00+00:00,121.80000305175781,123.0,115.20999908447266,115.37999725341797,1738000,NXT
2026-03-19 04:00:00+00:00,114.27999877929688,118.94000244140625,112.0009994506836,118.73999786376953,1055900,NXT
2026-03-20 04:00:00+00:00,117.83000183105469,119.68000030517578,112.37999725341797,114.38999938964844,3573300,NXT
2026-03-23 04:00:00+00:00,115.27999877929688,121.01000213623047,114.41000366210938,116.91000366210938,1567200,NXT
2026-03-24 04:00:00+00:00,116.5999984741211,125.05999755859375,116.44999694824219,124.86000061035156,2163000,NXT
2026-03-25 04:00:00+00:00,126.37999725341797,131.72000122070312,125.63999938964844,130.4199981689453,2063400,NXT
2026-03-26 04:00:00+00:00,127.33999633789062,128.97000122070312,119.37999725341797,119.8499984741211,1617900,NXT
2026-03-27 04:00:00+00:00,117.4000015258789,122.77999877929688,117.13600158691406,120.02999877929688,1693000,NXT
2026-03-30 04:00:00+00:00,121.30999755859375,121.8499984741211,111.91000366210938,112.51000213623047,2138100,NXT
2026-03-31 04:00:00+00:00,113.22000122070312,120.76000213623047,111.55999755859375,120.55000305175781,2104100,NXT
2026-04-01 04:00:00+00:00,122.41999816894531,125.19000244140625,120.20999908447266,120.37999725341797,1810000,NXT
2026-04-02 04:00:00+00:00,114.02999877929688,119.41999816894531,112.76000213623047,113.08000183105469,1946100,NXT
2026-04-06 04:00:00+00:00,112.62000274658203,113.97000122070312,107.0999984741211,108.05999755859375,1509000,NXT
2026-04-07 04:00:00+00:00,108.05000305175781,109.74500274658203,105.81500244140625,109.18000030517578,1726800,NXT
2026-04-08 04:00:00+00:00,116.72000122070312,120.9749984741211,114.76000213623047,116.41000366210938,2055200,NXT
2026-04-09 04:00:00+00:00,116.37999725341797,118.44999694824219,112.37999725341797,113.58999633789062,1328400,NXT
2026-04-10 04:00:00+00:00,113.58999633789062,119.87000274658203,112.93499755859375,117.97000122070312,1356500,NXT
2026-04-13 04:00:00+00:00,117.87999725341797,118.23500061035156,110.97000122070312,111.55000305175781,1599000,NXT
2026-04-14 04:00:00+00:00,113.08000183105469,115.3499984741211,109.66999816894531,114.91999816894531,1835600,NXT
2026-04-15 04:00:00+00:00,116.44999694824219,120.87000274658203,108.80999755859375,110.12000274658203,2420100,NXT
2026-04-16 04:00:00+00:00,110.06500244140625,110.16999816894531,103.7300033569336,106.83000183105469,2007500,NXT
2026-04-17 04:00:00+00:00,108.0,112.22000122070312,105.5,111.38999938964844,2939100,NXT
2026-04-20 04:00:00+00:00,109.80999755859375,111.4000015258789,106.05000305175781,106.48999786376953,1350800,NXT
2026-04-21 04:00:00+00:00,107.08000183105469,110.58000183105469,106.62999725341797,108.05000305175781,1323700,NXT
2026-04-22 04:00:00+00:00,110.31999969482422,119.33000183105469,110.2300033569336,116.19000244140625,1787700,NXT
2026-04-23 04:00:00+00:00,118.44000244140625,128.99000549316406,116.66000366210938,124.36000061035156,2871300,NXT
2026-04-24 04:00:00+00:00,125.91500091552734,128.0,119.62999725341797,121.41000366210938,1463200,NXT
2026-04-27 04:00:00+00:00,122.45999908447266,124.4990005493164,116.88999938964844,122.58000183105469,1826800,NXT
2026-04-28 04:00:00+00:00,121.33999633789062,122.41000366210938,113.56999969482422,116.54000091552734,1694500,NXT
